{
  "E_in": [
    0.04807692307692302
  ],
  "E_out": [
    0.2633552014995314
  ],
  "durations": [
    49.7434937953949
  ]
}