{
  "E_in": [
    0.049186390532544366
  ],
  "E_out": [
    0.25679475164011256
  ],
  "durations": [
    45.267524003982544
  ]
}