{
  "E_ins": [
    [
      0.04844674556213002
    ],
    [
      0.04844674556213002
    ],
    [
      0.04844674556213002
    ],
    [
      0.04844674556213002
    ],
    [
      0.049186390532544366
    ],
    [
      0.04881656804733725
    ],
    [
      0.04807692307692302
    ],
    [
      0.04807692307692302
    ],
    [
      0.04881656804733725
    ],
    [
      0.049186390532544366
    ]
  ],
  "E_outs": [
    [
      0.2774133083411434
    ],
    [
      0.26897844423617623
    ],
    [
      0.27460168697282095
    ],
    [
      0.24273664479850043
    ],
    [
      0.2774133083411434
    ],
    [
      0.25773195876288657
    ],
    [
      0.2633552014995314
    ],
    [
      0.25585754451733833
    ],
    [
      0.2680412371134021
    ],
    [
      0.25679475164011256
    ]
  ]
}