{
  "E_in": [
    0.04844674556213002
  ],
  "E_out": [
    0.26897844423617623
  ],
  "durations": [
    49.42621088027954
  ]
}