{
  "E_in": [
    0.04844674556213002
  ],
  "E_out": [
    0.2774133083411434
  ],
  "durations": [
    53.863494873046875
  ]
}