{
  "E_ins": [
    {
      "avg": 0.048594674556212934,
      "min": 0.04807692307692302,
      "max": 0.049186390532544366,
      "stdev": 0.00039754722624749827
    }
  ],
  "E_outs": [
    {
      "avg": 0.2642924086223056,
      "min": 0.24273664479850043,
      "max": 0.2774133083411434,
      "stdev": 0.011168111797387997
    }
  ],
  "durations": [
    {
      "avg": 48.967483735084535,
      "min": 45.267524003982544,
      "max": 53.863494873046875,
      "stdev": 2.2776972689763153
    }
  ]
}