{
  "E_in": [
    0.04844674556213002
  ],
  "E_out": [
    0.27460168697282095
  ],
  "durations": [
    49.687326192855835
  ]
}