{
  "E_in": [
    0.04807692307692302
  ],
  "E_out": [
    0.25585754451733833
  ],
  "durations": [
    48.02968502044678
  ]
}