{
  "E_in": [
    0.04881656804733725
  ],
  "E_out": [
    0.2680412371134021
  ],
  "durations": [
    46.70152425765991
  ]
}