{
  "E_in": [
    0.04881656804733725
  ],
  "E_out": [
    0.25773195876288657
  ],
  "durations": [
    48.71007204055786
  ]
}