{
  "E_in": [
    0.049186390532544366
  ],
  "E_out": [
    0.2774133083411434
  ],
  "durations": [
    48.23641109466553
  ]
}