{
  "E_in": [
    0.04844674556213002
  ],
  "E_out": [
    0.24273664479850043
  ],
  "durations": [
    50.009095191955566
  ]
}