{
  "E_in": [
    0.0,
    0.0,
    0.0,
    0.0,
    0.0,
    0.0,
    0.0,
    0.0,
    0.0,
    0.0,
    0.0,
    0.0,
    0.0,
    0.0,
    0.0,
    0.0,
    0.0,
    0.0,
    0.0,
    0.0,
    0.0,
    0.0,
    0.0,
    0.0,
    0.0,
    0.0,
    0.0,
    0.0,
    0.0,
    0.0,
    0.0,
    0.0,
    0.0,
    0.0,
    0.0,
    0.0,
    0.0,
    0.0,
    0.0,
    0.0,
    0.0,
    0.0,
    0.0,
    0.0,
    0.010526315789473717,
    0.010416666666666519,
    0.0,
    0.0,
    0.0,
    0.0,
    0.0,
    0.0,
    0.0,
    0.0,
    0.0,
    0.0,
    0.0,
    0.00925925925925919,
    0.00917431192660545,
    0.009090909090909038,
    0.018018018018018056,
    0.017857142857142905,
    0.008849557522123908,
    0.00877192982456132,
    0.008695652173912993,
    0.017241379310344862,
    0.017094017094017144,
    0.008474576271186418,
    0.01680672268907568,
    0.008333333333333304,
    0.016528925619834656,
    0.016393442622950838,
    0.016260162601625994,
    0.016129032258064502,
    0.008000000000000007,
    0.007936507936507797,
    0.015748031496062964,
    0.015625,
    0.015503875968992276,
    0.01538461538461533,
    0.01526717557251911,
    0.015151515151515138,
    0.015037593984962405,
    0.01492537313432829,
    0.014814814814814836,
    0.014705882352941124,
    0.014598540145985384,
    0.014492753623188248,
    0.014388489208633115,
    0.014285714285714124,
    0.014184397163120699,
    0.014084507042253502,
    0.006993006993006978,
    0.00694444444444442,
    0.020689655172413834,
    0.013698630136986356,
    0.020408163265306145,
    0.020270270270270285,
    0.020134228187919323,
    0.020000000000000018
  ],
  "E_out": [
    0.3383317713214621,
    0.3533270852858482,
    0.3355201499531397,
    0.3439550140581068,
    0.3926897844423618,
    0.4198687910028116,
    0.4198687910028116,
    0.44798500468603564,
    0.330834114339269,
    0.3270852858481724,
    0.31958762886597936,
    0.31771321462043123,
    0.30552952202436723,
    0.31021555763823794,
    0.29615745079662603,
    0.2989690721649485,
    0.2933458294283037,
    0.2952202436738518,
    0.2849109653233364,
    0.28865979381443296,
    0.28865979381443296,
    0.2858481724461106,
    0.2858481724461106,
    0.2933458294283037,
    0.29803186504217427,
    0.29615745079662603,
    0.29709465791940015,
    0.29240862230552944,
    0.29615745079662603,
    0.2942830365510778,
    0.29147141518275543,
    0.28772258669165884,
    0.28397375820056237,
    0.2867853795688847,
    0.282099343955014,
    0.28303655107778825,
    0.27835051546391754,
    0.27928772258669166,
    0.27835051546391754,
    0.28397375820056237,
    0.2849109653233364,
    0.282099343955014,
    0.2858481724461106,
    0.28772258669165884,
    0.27460168697282095,
    0.2764761012183693,
    0.2858481724461106,
    0.28772258669165884,
    0.2867853795688847,
    0.28397375820056237,
    0.2858481724461106,
    0.28865979381443296,
    0.28865979381443296,
    0.2858481724461106,
    0.2849109653233364,
    0.2867853795688847,
    0.28397375820056237,
    0.2811621368322399,
    0.2895970009372071,
    0.2802249297094658,
    0.28397375820056237,
    0.2755388940955952,
    0.2774133083411434,
    0.27460168697282095,
    0.2727272727272727,
    0.27928772258669166,
    0.27928772258669166,
    0.2774133083411434,
    0.2802249297094658,
    0.2727272727272727,
    0.27460168697282095,
    0.2736644798500468,
    0.2755388940955952,
    0.2736644798500468,
    0.27460168697282095,
    0.2717900656044986,
    0.2736644798500468,
    0.27460168697282095,
    0.2736644798500468,
    0.2727272727272727,
    0.2717900656044986,
    0.2727272727272727,
    0.2736644798500468,
    0.27460168697282095,
    0.2727272727272727,
    0.2717900656044986,
    0.2736644798500468,
    0.27460168697282095,
    0.2755388940955952,
    0.27460168697282095,
    0.27460168697282095,
    0.2727272727272727,
    0.27460168697282095,
    0.2727272727272727,
    0.2764761012183693,
    0.2736644798500468,
    0.27085285848172447,
    0.2727272727272727,
    0.2717900656044986,
    0.2727272727272727
  ],
  "durations": [
    723.6958041191101,
    732.5431506633759,
    756.750725030899,
    676.9951078891754,
    717.2375328540802,
    753.7847049236298,
    779.6454200744629,
    728.7018873691559,
    727.0198788642883,
    726.6176950931549,
    729.2745809555054,
    700.2547488212585,
    697.6407120227814,
    821.8422253131866,
    756.3839008808136,
    771.5607080459595,
    758.2017438411713,
    1802.9225096702576,
    689.527783870697,
    684.8521451950073,
    685.1013388633728,
    694.2488729953766,
    697.3401749134064,
    690.8383407592773,
    699.6042349338531,
    702.9404799938202,
    696.8965229988098,
    716.2921588420868,
    711.6377859115601,
    717.8503220081329,
    722.1129560470581,
    727.1366648674011,
    730.5707199573517,
    741.4819960594177,
    737.99547290802,
    742.2646048069,
    742.101480960846,
    744.3509559631348,
    752.8958342075348,
    747.5467629432678,
    747.5812239646912,
    749.4838140010834,
    749.4560208320618,
    755.7742321491241,
    762.302365064621,
    768.7197651863098,
    762.1072208881378,
    765.1466178894043,
    770.3062987327576,
    770.1697750091553,
    770.283411026001,
    764.4063167572021,
    778.6706640720367,
    775.8594009876251,
    783.1503109931946,
    786.5731091499329,
    784.3022511005402,
    784.7098259925842,
    788.7718541622162,
    792.1309351921082,
    796.5159800052643,
    800.2170100212097,
    797.2108080387115,
    798.686087846756,
    806.7792961597443,
    811.3011939525604,
    815.3123762607574,
    816.0998802185059,
    826.6163039207458,
    821.7916288375854,
    832.4421498775482,
    828.697970867157,
    836.2602162361145,
    843.9311759471893,
    838.7644000053406,
    843.7738769054413,
    848.1775991916656,
    853.1102521419525,
    851.8498349189758,
    851.5908131599426,
    857.8848879337311,
    860.0718178749084,
    860.2761549949646,
    864.2774322032928,
    864.9937961101532,
    875.9420700073242,
    883.3178098201752,
    886.9770030975342,
    4420.426982164383,
    1174.1495170593262,
    1159.0997910499573,
    1074.9202120304108,
    1058.9858179092407,
    1053.0113129615784,
    1087.9766850471497,
    1074.4448990821838,
    1079.7909572124481,
    1042.3755221366882,
    1093.7182850837708,
    1125.5460829734802
  ]
}