{
  "E_in": [
    0.0,
    0.0,
    0.0,
    0.0,
    0.0,
    0.017857142857142905,
    0.01754385964912286,
    0.017241379310344862,
    0.0,
    0.0,
    0.0,
    0.0,
    0.0,
    0.0,
    0.0,
    0.0,
    0.0,
    0.0,
    0.0,
    0.0,
    0.014084507042253502,
    0.0,
    0.0,
    0.013513513513513598,
    0.013333333333333308,
    0.013157894736842146,
    0.012987012987012991,
    0.012820512820512664,
    0.012658227848101222,
    0.012499999999999956,
    0.012345679012345734,
    0.012195121951219523,
    0.012048192771084376,
    0.011904761904761862,
    0.02352941176470591,
    0.023255813953488524,
    0.02298850574712641,
    0.022727272727272707,
    0.022471910112359605,
    0.022222222222222254,
    0.01098901098901095,
    0.010869565217391353,
    0.021505376344086113,
    0.0,
    0.0,
    0.0,
    0.0,
    0.020408163265306145,
    0.0,
    0.0,
    0.00990099009900991,
    0.009803921568627305,
    0.009708737864077666,
    0.038461538461538436,
    0.00952380952380949,
    0.018867924528301883,
    0.01869158878504673,
    0.01851851851851849,
    0.01834862385321101,
    0.018181818181818077,
    0.018018018018018056,
    0.0267857142857143,
    0.026548672566371723,
    0.026315789473684292,
    0.02608695652173909,
    0.034482758620689724,
    0.03418803418803418,
    0.025423728813559254,
    0.03361344537815125,
    0.033333333333333326,
    0.03305785123966942,
    0.040983606557377095,
    0.03252032520325199,
    0.040322580645161255,
    0.040000000000000036,
    0.04761904761904778,
    0.03937007874015752,
    0.03125,
    0.03100775193798455,
    0.038461538461538436,
    0.03053435114503822,
    0.037878787878787845,
    0.04511278195488733,
    0.03731343283582089,
    0.0444444444444444,
    0.05147058823529416,
    0.04379562043795615,
    0.050724637681159424,
    0.05035971223021596,
    0.05714285714285727,
    0.049645390070921946,
    0.04929577464788737,
    0.04895104895104896,
    0.04166666666666652,
    0.04137931034482767,
    0.047945205479452024,
    0.05442176870748294,
    0.05405405405405406,
    0.05369127516778538,
    0.04666666666666652
  ],
  "E_out": [
    0.34114339268978444,
    0.3345829428303655,
    0.3158388003748829,
    0.3045923149015932,
    0.3083411433926898,
    0.3214620431115276,
    0.316776007497657,
    0.3120899718837863,
    0.31771321462043123,
    0.32427366447985007,
    0.32239925023430194,
    0.3261480787253983,
    0.3270852858481724,
    0.32239925023430194,
    0.33739456419868796,
    0.3270852858481724,
    0.32333645735707595,
    0.31396438612933464,
    0.3336457357075914,
    0.3355201499531397,
    0.31771321462043123,
    0.32427366447985007,
    0.31958762886597936,
    0.29803186504217427,
    0.30178069353327086,
    0.30178069353327086,
    0.31771321462043123,
    0.3120899718837863,
    0.31115276476101217,
    0.2802249297094658,
    0.2942830365510778,
    0.282099343955014,
    0.2774133083411434,
    0.28865979381443296,
    0.2867853795688847,
    0.28772258669165884,
    0.2895970009372071,
    0.2811621368322399,
    0.28303655107778825,
    0.28865979381443296,
    0.29147141518275543,
    0.2905342080599812,
    0.2811621368322399,
    0.29709465791940015,
    0.29240862230552944,
    0.29240862230552944,
    0.29240862230552944,
    0.28865979381443296,
    0.29803186504217427,
    0.29147141518275543,
    0.28397375820056237,
    0.28397375820056237,
    0.2811621368322399,
    0.2736644798500468,
    0.2858481724461106,
    0.2867853795688847,
    0.28865979381443296,
    0.27460168697282095,
    0.2849109653233364,
    0.2680412371134021,
    0.2867853795688847,
    0.2849109653233364,
    0.28772258669165884,
    0.29240862230552944,
    0.29240862230552944,
    0.2858481724461106,
    0.2895970009372071,
    0.2811621368322399,
    0.28865979381443296,
    0.27835051546391754,
    0.27835051546391754,
    0.2867853795688847,
    0.282099343955014,
    0.2895970009372071,
    0.2849109653233364,
    0.2867853795688847,
    0.2680412371134021,
    0.2717900656044986,
    0.28397375820056237,
    0.2802249297094658,
    0.27085285848172447,
    0.2764761012183693,
    0.27460168697282095,
    0.27928772258669166,
    0.27928772258669166,
    0.27835051546391754,
    0.2633552014995314,
    0.27460168697282095,
    0.2680412371134021,
    0.27085285848172447,
    0.26054358013120904,
    0.2633552014995314,
    0.25585754451733833,
    0.26522961574507964,
    0.2633552014995314,
    0.26054358013120904,
    0.25773195876288657,
    0.25679475164011256,
    0.25585754451733833,
    0.25679475164011256
  ],
  "durations": [
    634.7640011310577,
    625.8354330062866,
    606.5070509910583,
    615.3751690387726,
    619.2093997001648,
    625.6995289325714,
    827.2159111499786,
    941.1399970054626,
    954.7383658885956,
    894.1082108020782,
    898.3568840026855,
    882.7379140853882,
    897.426216840744,
    924.5035059452057,
    942.9246628284454,
    868.9743921756744,
    893.051027059555,
    870.0863771438599,
    867.4991340637207,
    825.6977200508118,
    5922.573925256729,
    701.6750979423523,
    672.2045776844025,
    677.541093826294,
    680.1990170478821,
    688.6220443248749,
    678.4463410377502,
    683.2647008895874,
    692.1798961162567,
    693.3809041976929,
    700.2782199382782,
    698.4559228420258,
    702.939177274704,
    707.5309240818024,
    712.1365141868591,
    713.0836429595947,
    716.9973981380463,
    714.484071969986,
    714.6743969917297,
    725.0966711044312,
    734.1313972473145,
    729.5455758571625,
    741.08043384552,
    743.9996259212494,
    734.6066138744354,
    737.600704908371,
    747.2056810855865,
    750.7188370227814,
    752.6022028923035,
    757.4933249950409,
    747.5823049545288,
    758.9238429069519,
    759.7641780376434,
    762.4901769161224,
    769.8598871231079,
    771.5651972293854,
    772.166864156723,
    773.6616590023041,
    778.1531720161438,
    785.5819518566132,
    786.0024440288544,
    794.129152059555,
    794.3311228752136,
    796.19260597229,
    796.4793751239777,
    801.4738371372223,
    807.0091817378998,
    810.4512138366699,
    814.9139578342438,
    822.8804669380188,
    810.789516210556,
    816.8389456272125,
    825.015627861023,
    832.6940131187439,
    832.8402547836304,
    831.6143622398376,
    838.2019920349121,
    837.4352838993073,
    837.5564982891083,
    849.0439920425415,
    848.8274698257446,
    857.8643639087677,
    857.5792672634125,
    860.3166353702545,
    867.1057605743408,
    3354.5011620521545,
    990.9331710338593,
    1092.835165977478,
    1164.3180198669434,
    1167.0746250152588,
    1166.3036739826202,
    1181.5446031093597,
    1085.6732370853424,
    1149.3435878753662,
    1119.2784051895142,
    1072.771229982376,
    1064.3698580265045,
    1110.5223979949951,
    1181.5036408901215,
    1155.614068031311
  ]
}