{
  "E_in": [
    0.0,
    0.0,
    0.0,
    0.0,
    0.0,
    0.0,
    0.0,
    0.0,
    0.0,
    0.0,
    0.0,
    0.0,
    0.0,
    0.0,
    0.0,
    0.0,
    0.0,
    0.0,
    0.0,
    0.0,
    0.0,
    0.0,
    0.0,
    0.0,
    0.0,
    0.0,
    0.0,
    0.0,
    0.0,
    0.0,
    0.0,
    0.0,
    0.012048192771084376,
    0.011904761904761862,
    0.0117647058823529,
    0.011627906976744207,
    0.011494252873563204,
    0.011363636363636354,
    0.011235955056179803,
    0.011111111111111183,
    0.01098901098901095,
    0.010869565217391353,
    0.010752688172043001,
    0.010638297872340385,
    0.010526315789473717,
    0.02083333333333348,
    0.010309278350515427,
    0.010204081632652962,
    0.010101010101010055,
    0.020000000000000018,
    0.00990099009900991,
    0.019607843137254943,
    0.01941747572815533,
    0.019230769230769384,
    0.02857142857142858,
    0.018867924528301883,
    0.01869158878504673,
    0.01851851851851849,
    0.01834862385321101,
    0.036363636363636376,
    0.009009009009009028,
    0.0267857142857143,
    0.026548672566371723,
    0.01754385964912286,
    0.02608695652173909,
    0.034482758620689724,
    0.017094017094017144,
    0.016949152542372836,
    0.01680672268907568,
    0.01666666666666672,
    0.024793388429752095,
    0.024590163934426257,
    0.024390243902439046,
    0.024193548387096753,
    0.040000000000000036,
    0.031746031746031744,
    0.03149606299212604,
    0.03125,
    0.03875968992248058,
    0.038461538461538436,
    0.03816793893129766,
    0.030303030303030276,
    0.03759398496240607,
    0.03731343283582089,
    0.029629629629629672,
    0.02941176470588236,
    0.029197080291970767,
    0.036231884057971064,
    0.03597122302158273,
    0.02857142857142858,
    0.028368794326241176,
    0.028169014084507005,
    0.03496503496503489,
    0.04166666666666652,
    0.034482758620689724,
    0.03424657534246578,
    0.03401360544217691,
    0.027027027027026973,
    0.02684563758389258,
    0.033333333333333326
  ],
  "E_out": [
    0.38987816307403933,
    0.5763823805060919,
    0.4629803186504218,
    0.4142455482661668,
    0.49765698219306465,
    0.4995313964386129,
    0.4020618556701031,
    0.485473289597001,
    0.41330834114339265,
    0.4639175257731959,
    0.4339268978444236,
    0.4517338331771321,
    0.43486410496719774,
    0.4329896907216495,
    0.36363636363636365,
    0.3880037488284911,
    0.39456419868791004,
    0.4020618556701031,
    0.3964386129334583,
    0.37769447047797566,
    0.3692596063730085,
    0.35426429240862234,
    0.35520149953139646,
    0.34676663542642927,
    0.316776007497657,
    0.30927835051546393,
    0.3130271790065603,
    0.30927835051546393,
    0.3045923149015932,
    0.29709465791940015,
    0.2989690721649485,
    0.29803186504217427,
    0.30084348641049674,
    0.30271790065604487,
    0.29803186504217427,
    0.30178069353327086,
    0.31490159325210887,
    0.3074039362699156,
    0.31396438612933464,
    0.3120899718837863,
    0.2999062792877225,
    0.3045923149015932,
    0.30084348641049674,
    0.30178069353327086,
    0.30178069353327086,
    0.30084348641049674,
    0.3083411433926898,
    0.2999062792877225,
    0.29803186504217427,
    0.29240862230552944,
    0.2942830365510778,
    0.2895970009372071,
    0.2933458294283037,
    0.2867853795688847,
    0.2942830365510778,
    0.29615745079662603,
    0.2895970009372071,
    0.2905342080599812,
    0.2858481724461106,
    0.28865979381443296,
    0.29615745079662603,
    0.2999062792877225,
    0.2942830365510778,
    0.2933458294283037,
    0.29147141518275543,
    0.2933458294283037,
    0.2933458294283037,
    0.2895970009372071,
    0.2895970009372071,
    0.2905342080599812,
    0.29240862230552944,
    0.29147141518275543,
    0.2895970009372071,
    0.2849109653233364,
    0.28303655107778825,
    0.29147141518275543,
    0.2933458294283037,
    0.28303655107778825,
    0.2858481724461106,
    0.2867853795688847,
    0.28772258669165884,
    0.27835051546391754,
    0.2811621368322399,
    0.2849109653233364,
    0.28303655107778825,
    0.27928772258669166,
    0.27928772258669166,
    0.27928772258669166,
    0.2858481724461106,
    0.2811621368322399,
    0.2717900656044986,
    0.2774133083411434,
    0.2755388940955952,
    0.27928772258669166,
    0.2764761012183693,
    0.2774133083411434,
    0.282099343955014,
    0.282099343955014,
    0.2811621368322399,
    0.2811621368322399
  ],
  "durations": [
    713.0844171047211,
    692.000764131546,
    673.713082075119,
    668.7853991985321,
    651.4275817871094,
    652.8851540088654,
    668.2991409301758,
    711.4305970668793,
    836.9094951152802,
    876.680349111557,
    1093.181128025055,
    795.8791019916534,
    970.3909187316895,
    857.9104866981506,
    777.4624352455139,
    851.7422180175781,
    814.1395308971405,
    727.7866470813751,
    1699.242842912674,
    697.3826460838318,
    696.2649037837982,
    703.6818001270294,
    703.980281829834,
    709.2506959438324,
    701.4824221134186,
    710.0008320808411,
    713.1202011108398,
    717.5914838314056,
    721.1827960014343,
    722.9578330516815,
    723.1470546722412,
    727.1893789768219,
    728.5607302188873,
    810.3260939121246,
    771.7488930225372,
    794.2006032466888,
    778.9511651992798,
    2613.860375881195,
    766.0600991249084,
    769.0645930767059,
    762.7068500518799,
    784.641566991806,
    779.5643682479858,
    785.7506537437439,
    791.967255115509,
    798.7645471096039,
    799.1070170402527,
    786.9747998714447,
    804.0845167636871,
    772.6135213375092,
    771.0285880565643,
    765.2601099014282,
    770.0415811538696,
    771.3913061618805,
    774.6604800224304,
    777.5083839893341,
    783.4090549945831,
    778.5838778018951,
    783.3966693878174,
    790.1451671123505,
    800.1222078800201,
    798.021931886673,
    802.5734560489655,
    805.9581398963928,
    805.5423901081085,
    809.1014318466187,
    813.6718978881836,
    818.3014757633209,
    827.2447440624237,
    825.9354841709137,
    827.2645220756531,
    830.1329851150513,
    840.614640712738,
    837.875904083252,
    839.9408478736877,
    838.705197095871,
    843.5196433067322,
    851.7839767932892,
    850.7833518981934,
    852.7311999797821,
    857.0118770599365,
    860.8816661834717,
    903.5395629405975,
    928.0411539077759,
    926.3714139461517,
    927.8162279129028,
    934.6378047466278,
    931.9148750305176,
    946.0657360553741,
    941.923465013504,
    942.3355267047882,
    1017.2961096763611,
    1007.9839329719543,
    1035.6796689033508,
    1096.6725692749023,
    1024.3162109851837,
    981.3339321613312,
    971.1587891578674,
    982.9406259059906,
    977.2906849384308
  ]
}