{
  "stdev": 0.01975490661430868,
  "max": 0.15498154981549817,
  "metadata": {
    "commands": "basic_cv.py -f 10 -d ../preprocessed_training_data/genereg_direction_agnostic_sorted.jsre --jsre ../resources/jsre/ --suffix genereg_sorted_cv"
  },
  "min": 0.09225092250922495,
  "scores": [
    0.12177121771217714,
    0.15498154981549817,
    0.10332103321033215,
    0.1328413284132841,
    0.09225092250922495,
    0.12177121771217714,
    0.09999999999999998,
    0.11524163568773238,
    0.12639405204460952,
    0.14498141263940523
  ],
  "avg": 0.12135543697444406
}