{
  "metadata": {
    "commands": "basic_cv.py -d ../preprocessed_training_data/top2500_heuristic.jsre -f 10 --jsre ../resources/jsre --suffix heursitical_top2500_CV"
  },
  "avg": 0.19442741803868857,
  "min": 0.17529880478087645,
  "max": 0.21999999999999997,
  "stdev": 0.015003741384252136,
  "scores": [
    0.18326693227091628,
    0.17529880478087645,
    0.17529880478087645,
    0.20399999999999996,
    0.19199999999999984,
    0.19199999999999984,
    0.21999999999999997,
    0.21285140562248994,
    0.1887550200803213,
    0.20080321285140568
  ]
}