{
  "metadata": {
    "commands": "basic_cv.py -f 10 -d ../preprocessed_training_data/top2241_direction_agnostic.jsre --jsre ../resources/jsre/ --suffix top2241-da-cv"
  },
  "max": 0.2152466367713004,
  "stdev": 0.018677279500746578,
  "avg": 0.19322580788668234,
  "min": 0.15625,
  "scores": [
    0.17333333333333334,
    0.19999999999999996,
    0.20444444444444443,
    0.2053571428571429,
    0.15625,
    0.2142857142857143,
    0.1919642857142857,
    0.1830357142857143,
    0.2152466367713004,
    0.18834080717488788
  ]
}