{
  "E_in": [
    0.0,
    0.0,
    0.0,
    0.0,
    0.0,
    0.0,
    0.0,
    0.0,
    0.0,
    0.0,
    0.0,
    0.0,
    0.0,
    0.0,
    0.0,
    0.0,
    0.0,
    0.0,
    0.014492753623188248,
    0.0,
    0.0,
    0.0,
    0.0,
    0.0,
    0.0,
    0.0,
    0.012987012987012991,
    0.0,
    0.012658227848101222,
    0.012499999999999956,
    0.0,
    0.0,
    0.03614457831325302,
    0.023809523809523836,
    0.04705882352941193,
    0.0,
    0.02298850574712641,
    0.05681818181818177,
    0.0449438202247191,
    0.033333333333333326,
    0.01098901098901095,
    0.03260869565217395,
    0.08602150537634412,
    0.05319148936170204,
    0.010526315789473717,
    0.03125,
    0.010309278350515427,
    0.030612244897959218,
    0.02020202020202022,
    0.050000000000000044,
    0.01980198019801971,
    0.02941176470588236,
    0.03883495145631055,
    0.05769230769230771,
    0.01904761904761909,
    0.028301886792452824,
    0.01869158878504673,
    0.01851851851851849,
    0.0,
    0.027272727272727226,
    0.072072072072072,
    0.0357142857142857,
    0.03539823008849563,
    0.01754385964912286,
    0.034782608695652195,
    0.06896551724137934,
    0.06837606837606847,
    0.03389830508474578,
    0.01680672268907568,
    0.05833333333333324,
    0.04958677685950408,
    0.049180327868852514,
    0.04065040650406504,
    0.032258064516129004,
    0.05600000000000005,
    0.031746031746031744,
    0.03937007874015752,
    0.0546875,
    0.054263565891472854,
    0.05384615384615388,
    0.05343511450381688,
    0.045454545454545414,
    0.052631578947368474,
    0.052238805970149294,
    0.051851851851851816,
    0.05147058823529416,
    0.051094890510948954,
    0.06521739130434778,
    0.05035971223021596,
    0.06428571428571428,
    0.06382978723404253,
    0.06338028169014076,
    0.06293706293706292,
    0.0625,
    0.05517241379310345,
    0.0547945205479452,
    0.05442176870748294,
    0.05405405405405406,
    0.05369127516778538,
    0.06000000000000005
  ],
  "E_out": [
    0.3571778539931407,
    0.3312101910828027,
    0.31896129348358637,
    0.30965213130818225,
    0.31357177853993146,
    0.3277804997550221,
    0.32190102890739836,
    0.31014208721215086,
    0.4017638412542871,
    0.33414992650661446,
    0.33904948554630077,
    0.3287604115629592,
    0.3410093091621753,
    0.32239098481136697,
    0.3081822635962763,
    0.3076923076923077,
    0.30132288094071535,
    0.29642332190102894,
    0.28907398334149936,
    0.29299363057324834,
    0.29299363057324834,
    0.2836844683978442,
    0.28123468887800096,
    0.2792748652621264,
    0.28172464478196957,
    0.279764821166095,
    0.2782949534541891,
    0.2778049975502205,
    0.2753552180303772,
    0.2831945124938755,
    0.2831945124938755,
    0.28466438020578133,
    0.2748652621264085,
    0.279764821166095,
    0.27290543851053395,
    0.2792748652621264,
    0.27584517393434593,
    0.27339539441450267,
    0.27339539441450267,
    0.27437530622244,
    0.27633512983831454,
    0.2738853503184714,
    0.2704556589906908,
    0.27192552670259673,
    0.28074473297403235,
    0.277315041646252,
    0.27682508574228304,
    0.27192552670259673,
    0.27633512983831454,
    0.2704556589906908,
    0.2753552180303772,
    0.2699657030867222,
    0.26751592356687903,
    0.2699657030867222,
    0.27241548260656545,
    0.26849583537481625,
    0.27241548260656545,
    0.27192552670259673,
    0.2753552180303772,
    0.2714355707986281,
    0.2714355707986281,
    0.2694757471827536,
    0.2699657030867222,
    0.2738853503184714,
    0.2699657030867222,
    0.2694757471827536,
    0.2699657030867222,
    0.2670259676629104,
    0.2709456148946594,
    0.2694757471827536,
    0.26849583537481625,
    0.2714355707986281,
    0.2738853503184714,
    0.2748652621264085,
    0.2704556589906908,
    0.27290543851053395,
    0.27437530622244,
    0.2699657030867222,
    0.2704556589906908,
    0.27241548260656545,
    0.2704556589906908,
    0.2714355707986281,
    0.27241548260656545,
    0.27192552670259673,
    0.26898579127878497,
    0.27192552670259673,
    0.2699657030867222,
    0.26898579127878497,
    0.2699657030867222,
    0.2665360117589417,
    0.2704556589906908,
    0.26800587947084764,
    0.26800587947084764,
    0.2660460558549731,
    0.2665360117589417,
    0.2660460558549731,
    0.26457618814306716,
    0.2665360117589417,
    0.2699657030867222,
    0.26751592356687903
  ],
  "durations": [
    3.075839042663574,
    2.967877149581909,
    3.174722671508789,
    3.0273759365081787,
    3.1145479679107666,
    3.280853033065796,
    3.264551877975464,
    3.0877180099487305,
    3.0565218925476074,
    3.147756814956665,
    3.1157469749450684,
    3.2337868213653564,
    3.2702107429504395,
    3.1699960231781006,
    3.4626471996307373,
    3.1976158618927,
    3.1352782249450684,
    3.2422468662261963,
    3.242572069168091,
    3.2479801177978516,
    3.322779893875122,
    3.4198110103607178,
    3.303860902786255,
    3.644340991973877,
    3.4071271419525146,
    3.4400689601898193,
    3.3610260486602783,
    3.440778970718384,
    3.6394309997558594,
    3.3718042373657227,
    3.473193883895874,
    3.4759418964385986,
    3.4078619480133057,
    3.486163854598999,
    3.468878984451294,
    3.665501356124878,
    3.6656508445739746,
    3.486374855041504,
    3.4698290824890137,
    3.5206520557403564,
    3.5657007694244385,
    3.570686101913452,
    3.7393910884857178,
    3.927135944366455,
    4.1559157371521,
    3.7807579040527344,
    3.991738796234131,
    3.701246976852417,
    3.8778481483459473,
    4.111857891082764,
    3.9817328453063965,
    4.031657934188843,
    3.921844959259033,
    4.139806270599365,
    3.847522258758545,
    4.3139917850494385,
    4.512373924255371,
    3.9722979068756104,
    4.458737850189209,
    3.963283061981201,
    4.111099004745483,
    4.105906963348389,
    4.3673248291015625,
    4.393148899078369,
    4.499598026275635,
    4.183565855026245,
    4.328322887420654,
    4.425931930541992,
    4.612147808074951,
    4.46963095664978,
    4.651620864868164,
    4.461215019226074,
    4.892546892166138,
    4.108489036560059,
    4.132041931152344,
    4.529799938201904,
    4.067356824874878,
    4.217118263244629,
    4.635297775268555,
    5.011919975280762,
    4.266703844070435,
    4.564174175262451,
    4.211246967315674,
    4.261933088302612,
    4.3475470542907715,
    4.524186849594116,
    4.197012186050415,
    4.526176929473877,
    4.356841087341309,
    4.617099046707153,
    4.434396982192993,
    4.417187929153442,
    4.795827865600586,
    4.8996899127960205,
    4.4218480587005615,
    4.5251829624176025,
    4.901745796203613,
    4.783538341522217,
    5.213335037231445,
    4.638868808746338
  ]
}