{
  "E_in": [
    0.0,
    0.0,
    0.0,
    0.0,
    0.0,
    0.0,
    0.0,
    0.0,
    0.0,
    0.0,
    0.0,
    0.0,
    0.0,
    0.0,
    0.0,
    0.0,
    0.0,
    0.0,
    0.0,
    0.0,
    0.0,
    0.0,
    0.0,
    0.0,
    0.0,
    0.0,
    0.0,
    0.0,
    0.0,
    0.0,
    0.0,
    0.0,
    0.0,
    0.0,
    0.0,
    0.0,
    0.0,
    0.0,
    0.0,
    0.0,
    0.0,
    0.0,
    0.0,
    0.0,
    0.0,
    0.010416666666666519,
    0.010309278350515427,
    0.010204081632652962,
    0.010101010101010055,
    0.010000000000000009,
    0.00990099009900991,
    0.009803921568627305,
    0.009708737864077666,
    0.009615384615384581,
    0.00952380952380949,
    0.009433962264150941,
    0.009345794392523366,
    0.00925925925925919,
    0.00917431192660545,
    0.009090909090909038,
    0.009009009009009028,
    0.008928571428571397,
    0.008849557522123908,
    0.00877192982456132,
    0.008695652173912993,
    0.008620689655172376,
    0.008547008547008517,
    0.008474576271186418,
    0.008403361344537785,
    0.008333333333333304,
    0.024793388429752095,
    0.016393442622950838,
    0.016260162601625994,
    0.016129032258064502,
    0.015999999999999903,
    0.015873015873015928,
    0.015748031496062964,
    0.015625,
    0.015503875968992276,
    0.023076923076923106,
    0.01526717557251911,
    0.015151515151515138,
    0.022556390977443663,
    0.02238805970149249,
    0.029629629629629672,
    0.03676470588235292,
    0.029197080291970767,
    0.036231884057971064,
    0.02877697841726634,
    0.0357142857142857,
    0.04255319148936165,
    0.04225352112676062,
    0.03496503496503489,
    0.04166666666666652,
    0.04137931034482767,
    0.03424657534246578,
    0.03401360544217691,
    0.04054054054054068,
    0.04026845637583909,
    0.04666666666666652
  ],
  "E_out": [
    0.3527682508574227,
    0.37432631063204314,
    0.33072023517883375,
    0.33365997060264574,
    0.31259186673199413,
    0.30965213130818225,
    0.3204311611954924,
    0.315531602155806,
    0.30965213130818225,
    0.32533072023517884,
    0.3086722195002448,
    0.2998530132288094,
    0.29348358647721706,
    0.2910338069573739,
    0.3037726604605585,
    0.29642332190102894,
    0.3160215580597746,
    0.3199412052915238,
    0.30916217540421376,
    0.30475257226849584,
    0.3062224399804018,
    0.300342969132778,
    0.29789318961293487,
    0.2993630573248409,
    0.2988731014208722,
    0.3150416462518373,
    0.30132288094071535,
    0.315531602155806,
    0.300342969132778,
    0.30181283684468396,
    0.2998530132288094,
    0.2915237628613425,
    0.31357177853993146,
    0.29348358647721706,
    0.3165115139637432,
    0.30132288094071535,
    0.3145516903478687,
    0.30573248407643316,
    0.32484076433121023,
    0.3076923076923077,
    0.29789318961293487,
    0.29642332190102894,
    0.2920137187653111,
    0.2905438510534052,
    0.2831945124938755,
    0.2792748652621264,
    0.279764821166095,
    0.2787849093581578,
    0.2782949534541891,
    0.2782949534541891,
    0.2738853503184714,
    0.28074473297403235,
    0.2871141597256248,
    0.29250367466927973,
    0.2880940715335619,
    0.2880940715335619,
    0.28907398334149936,
    0.2792748652621264,
    0.277315041646252,
    0.2822146006859383,
    0.2827045565899069,
    0.28466438020578133,
    0.28025477707006374,
    0.28564429201371877,
    0.2871141597256248,
    0.28025477707006374,
    0.2831945124938755,
    0.28515433610975005,
    0.2748652621264085,
    0.27437530622244,
    0.27437530622244,
    0.2670259676629104,
    0.2704556589906908,
    0.2699657030867222,
    0.2753552180303772,
    0.2699657030867222,
    0.277315041646252,
    0.2880940715335619,
    0.2866242038216561,
    0.29250367466927973,
    0.2866242038216561,
    0.28417442430181283,
    0.277315041646252,
    0.2866242038216561,
    0.2831945124938755,
    0.28515433610975005,
    0.28025477707006374,
    0.2880940715335619,
    0.277315041646252,
    0.2665360117589417,
    0.28074473297403235,
    0.2822146006859383,
    0.27682508574228304,
    0.277315041646252,
    0.2831945124938755,
    0.2748652621264085,
    0.27339539441450267,
    0.27682508574228304,
    0.28074473297403235,
    0.2792748652621264
  ],
  "durations": [
    8.404839038848877,
    6.184588670730591,
    8.314059019088745,
    10.72251296043396,
    5.755014896392822,
    4.952219009399414,
    4.017722129821777,
    4.117985010147095,
    4.300863981246948,
    3.908229112625122,
    4.026403903961182,
    3.8782010078430176,
    4.031659841537476,
    3.4975647926330566,
    3.8837168216705322,
    4.3588478565216064,
    3.8001179695129395,
    4.37054181098938,
    3.5337018966674805,
    3.522549867630005,
    3.5231549739837646,
    3.7256290912628174,
    3.92421293258667,
    4.70372200012207,
    3.9074411392211914,
    3.914945125579834,
    4.054464817047119,
    4.1951282024383545,
    4.409682035446167,
    3.5593209266662598,
    3.4552619457244873,
    3.7870230674743652,
    3.683774948120117,
    3.9334492683410645,
    6.017377853393555,
    3.9397780895233154,
    3.7816829681396484,
    3.8326447010040283,
    3.592742919921875,
    3.894307851791382,
    3.9827358722686768,
    4.475673198699951,
    4.147004842758179,
    4.5754430294036865,
    5.9506919384002686,
    4.946053743362427,
    4.08490514755249,
    3.814185857772827,
    3.5365140438079834,
    3.7544960975646973,
    6.398007154464722,
    6.029836654663086,
    3.95544695854187,
    3.9243719577789307,
    3.70613694190979,
    3.7682197093963623,
    3.8559460639953613,
    4.782839775085449,
    3.968561887741089,
    3.8877151012420654,
    3.881127119064331,
    3.8743412494659424,
    3.9706828594207764,
    4.004345178604126,
    4.1056718826293945,
    4.088371992111206,
    4.08669900894165,
    3.9816668033599854,
    4.615692853927612,
    4.17946195602417,
    3.9538681507110596,
    4.330729007720947,
    4.102633953094482,
    4.199045181274414,
    4.238401889801025,
    4.374895095825195,
    4.350489139556885,
    4.462666988372803,
    4.151727199554443,
    4.2761499881744385,
    4.467388153076172,
    4.25322699546814,
    4.226485967636108,
    4.249650239944458,
    4.500382900238037,
    4.3403520584106445,
    4.321616172790527,
    4.413279056549072,
    4.35384202003479,
    4.646500825881958,
    4.461552143096924,
    4.348632097244263,
    4.37732195854187,
    4.469275951385498,
    4.595012903213501,
    4.532873868942261,
    4.533581733703613,
    4.57494592666626,
    4.529369831085205,
    4.614393949508667
  ]
}