{
  "E_in": [
    0.0,
    0.0,
    0.0,
    0.0,
    0.0,
    0.0,
    0.0,
    0.0,
    0.0,
    0.0,
    0.0,
    0.0,
    0.0,
    0.0,
    0.01538461538461533,
    0.015151515151515138,
    0.0,
    0.014705882352941124,
    0.0,
    0.0,
    0.0,
    0.01388888888888884,
    0.0,
    0.0,
    0.0,
    0.0,
    0.0,
    0.0,
    0.0,
    0.0,
    0.0,
    0.0,
    0.0,
    0.0,
    0.0,
    0.0,
    0.0,
    0.0,
    0.011235955056179803,
    0.0,
    0.01098901098901095,
    0.010869565217391353,
    0.0,
    0.0,
    0.0,
    0.010416666666666519,
    0.0,
    0.010204081632652962,
    0.0,
    0.010000000000000009,
    0.00990099009900991,
    0.009803921568627305,
    0.009708737864077666,
    0.009615384615384581,
    0.00952380952380949,
    0.0,
    0.0,
    0.00925925925925919,
    0.0,
    0.0,
    0.0,
    0.0,
    0.0,
    0.0,
    0.0,
    0.0,
    0.008547008547008517,
    0.008474576271186418,
    0.008403361344537785,
    0.01666666666666672,
    0.016528925619834656,
    0.016393442622950838,
    0.016260162601625994,
    0.016129032258064502,
    0.015999999999999903,
    0.015873015873015928,
    0.007874015748031371,
    0.015625,
    0.015503875968992276,
    0.01538461538461533,
    0.01526717557251911,
    0.015151515151515138,
    0.015037593984962405,
    0.01492537313432829,
    0.014814814814814836,
    0.014705882352941124,
    0.014598540145985384,
    0.014492753623188248,
    0.014388489208633115,
    0.014285714285714124,
    0.014184397163120699,
    0.014084507042253502,
    0.013986013986013957,
    0.01388888888888884,
    0.020689655172413834,
    0.013698630136986356,
    0.020408163265306145,
    0.020270270270270285,
    0.02684563758389258,
    0.020000000000000018
  ],
  "E_out": [
    0.3767760901518863,
    0.41989220970112695,
    0.45712885840274375,
    0.4174424301812837,
    0.4634982851543361,
    0.3429691327780501,
    0.34982851543361093,
    0.3439490445859873,
    0.33414992650661446,
    0.31798138167564916,
    0.3194512493875551,
    0.3042626163645272,
    0.3111219990200883,
    0.3086722195002448,
    0.2993630573248409,
    0.30132288094071535,
    0.3032827045565899,
    0.2900538951494366,
    0.2915237628613425,
    0.2876041156295933,
    0.29348358647721706,
    0.29299363057324834,
    0.29691327780499743,
    0.2949534541891229,
    0.29250367466927973,
    0.29299363057324834,
    0.29397354238118567,
    0.2920137187653111,
    0.2949534541891229,
    0.28907398334149936,
    0.28858402743753064,
    0.2861342479176874,
    0.2900538951494366,
    0.2900538951494366,
    0.2876041156295933,
    0.29299363057324834,
    0.28907398334149936,
    0.29691327780499743,
    0.29642332190102894,
    0.30083292503674675,
    0.29397354238118567,
    0.2954434100930916,
    0.2993630573248409,
    0.2993630573248409,
    0.300342969132778,
    0.2954434100930916,
    0.2988731014208722,
    0.2998530132288094,
    0.2988731014208722,
    0.2949534541891229,
    0.3032827045565899,
    0.29250367466927973,
    0.3027927486526213,
    0.29250367466927973,
    0.29250367466927973,
    0.300342969132778,
    0.2949534541891229,
    0.28858402743753064,
    0.29250367466927973,
    0.2959333659970602,
    0.29740323370896615,
    0.29740323370896615,
    0.2905438510534052,
    0.2866242038216561,
    0.2876041156295933,
    0.2871141597256248,
    0.28564429201371877,
    0.2915237628613425,
    0.2920137187653111,
    0.28907398334149936,
    0.2900538951494366,
    0.2910338069573739,
    0.2910338069573739,
    0.2920137187653111,
    0.27633512983831454,
    0.2782949534541891,
    0.28417442430181283,
    0.28025477707006374,
    0.29348358647721706,
    0.28417442430181283,
    0.28417442430181283,
    0.2871141597256248,
    0.28172464478196957,
    0.2836844683978442,
    0.2782949534541891,
    0.28123468887800096,
    0.28515433610975005,
    0.2827045565899069,
    0.2831945124938755,
    0.28074473297403235,
    0.28025477707006374,
    0.2827045565899069,
    0.28123468887800096,
    0.27682508574228304,
    0.2709456148946594,
    0.28025477707006374,
    0.27339539441450267,
    0.27339539441450267,
    0.2650661440470359,
    0.2704556589906908
  ],
  "durations": [
    2.9849600791931152,
    2.975189685821533,
    2.9230759143829346,
    3.310931921005249,
    3.0565707683563232,
    3.188062906265259,
    3.0749809741973877,
    3.105050802230835,
    3.040700912475586,
    3.075687885284424,
    3.2153820991516113,
    3.1539151668548584,
    3.7829160690307617,
    3.3416287899017334,
    3.1840436458587646,
    3.27034592628479,
    3.3390932083129883,
    3.1952881813049316,
    3.2941219806671143,
    3.2257819175720215,
    3.1861732006073,
    3.280228853225708,
    3.290402889251709,
    3.6441853046417236,
    3.345689058303833,
    3.241213798522949,
    3.321688175201416,
    3.3299179077148438,
    3.307889938354492,
    3.3296267986297607,
    3.3998420238494873,
    3.4776110649108887,
    3.60490083694458,
    3.480226993560791,
    3.3312268257141113,
    3.661015033721924,
    3.5250370502471924,
    3.530627965927124,
    3.5680341720581055,
    3.6178700923919678,
    3.72261905670166,
    3.5312399864196777,
    3.4486351013183594,
    3.462033748626709,
    3.5274651050567627,
    3.507589817047119,
    3.7052929401397705,
    3.5233678817749023,
    3.6939849853515625,
    3.5979719161987305,
    3.6313657760620117,
    3.838296890258789,
    3.8434739112854004,
    3.586390972137451,
    3.6751081943511963,
    3.7607412338256836,
    3.747525215148926,
    3.72414493560791,
    3.7621700763702393,
    3.75093674659729,
    3.654048204421997,
    3.766785144805908,
    3.7401671409606934,
    3.874302864074707,
    3.8333628177642822,
    3.716367244720459,
    3.8407511711120605,
    4.013898849487305,
    3.89129900932312,
    4.07890510559082,
    4.052061080932617,
    3.8845410346984863,
    3.9271748065948486,
    4.232240200042725,
    4.053978204727173,
    4.052645921707153,
    3.9049699306488037,
    4.758579969406128,
    4.17102313041687,
    4.167418003082275,
    4.154598712921143,
    4.2328550815582275,
    4.21576189994812,
    4.240000009536743,
    4.489355087280273,
    4.3185858726501465,
    4.213912010192871,
    4.316560745239258,
    4.234757900238037,
    4.342448949813843,
    4.3760130405426025,
    4.3100340366363525,
    4.461603879928589,
    4.340543985366821,
    4.353089809417725,
    4.360450983047485,
    4.291494846343994,
    4.461557149887085,
    4.396914958953857,
    4.387330770492554
  ]
}