{
  "E_in": [
    0.0,
    0.0,
    0.0,
    0.0,
    0.0,
    0.0,
    0.0,
    0.0,
    0.0,
    0.0,
    0.0,
    0.0,
    0.0,
    0.0,
    0.0,
    0.0,
    0.0,
    0.0,
    0.0,
    0.0,
    0.0,
    0.0,
    0.0,
    0.0,
    0.0,
    0.0,
    0.0,
    0.012820512820512664,
    0.0,
    0.012499999999999956,
    0.0,
    0.012195121951219523,
    0.0,
    0.011904761904761862,
    0.0117647058823529,
    0.0,
    0.011494252873563204,
    0.011363636363636354,
    0.011235955056179803,
    0.011111111111111183,
    0.01098901098901095,
    0.010869565217391353,
    0.021505376344086113,
    0.021276595744680882,
    0.021052631578947212,
    0.010416666666666519,
    0.0,
    0.0,
    0.030303030303030276,
    0.010000000000000009,
    0.00990099009900991,
    0.009803921568627305,
    0.009708737864077666,
    0.009615384615384581,
    0.00952380952380949,
    0.009433962264150941,
    0.009345794392523366,
    0.00925925925925919,
    0.00917431192660545,
    0.009090909090909038,
    0.009009009009009028,
    0.008928571428571397,
    0.008849557522123908,
    0.00877192982456132,
    0.017391304347826098,
    0.008620689655172376,
    0.008547008547008517,
    0.008474576271186418,
    0.01680672268907568,
    0.008333333333333304,
    0.008264462809917328,
    0.008196721311475419,
    0.016260162601625994,
    0.008064516129032362,
    0.0,
    0.0,
    0.007874015748031371,
    0.0078125,
    0.007751937984496027,
    0.01538461538461533,
    0.007633587786259555,
    0.022727272727272707,
    0.015037593984962405,
    0.01492537313432829,
    0.014814814814814836,
    0.014705882352941124,
    0.014598540145985384,
    0.014492753623188248,
    0.021582733812949617,
    0.014285714285714124,
    0.014184397163120699,
    0.014084507042253502,
    0.013986013986013957,
    0.0277777777777779,
    0.01379310344827589,
    0.020547945205479423,
    0.020408163265306145,
    0.027027027027026973,
    0.02684563758389258,
    0.020000000000000018
  ],
  "E_out": [
    0.3561979421852033,
    0.35031847133757965,
    0.3312101910828027,
    0.31749142577168055,
    0.3165115139637432,
    0.31357177853993146,
    0.31308182263596285,
    0.30916217540421376,
    0.30965213130818225,
    0.3076923076923077,
    0.30083292503674675,
    0.2998530132288094,
    0.2988731014208722,
    0.29299363057324834,
    0.2880940715335619,
    0.29691327780499743,
    0.29250367466927973,
    0.2920137187653111,
    0.29397354238118567,
    0.2876041156295933,
    0.2880940715335619,
    0.2866242038216561,
    0.28907398334149936,
    0.2920137187653111,
    0.2920137187653111,
    0.2861342479176874,
    0.2915237628613425,
    0.2871141597256248,
    0.29250367466927973,
    0.28417442430181283,
    0.2905438510534052,
    0.2871141597256248,
    0.2920137187653111,
    0.28858402743753064,
    0.2787849093581578,
    0.28123468887800096,
    0.27633512983831454,
    0.2787849093581578,
    0.27584517393434593,
    0.2778049975502205,
    0.27290543851053395,
    0.27290543851053395,
    0.27682508574228304,
    0.27633512983831454,
    0.27584517393434593,
    0.28123468887800096,
    0.2787849093581578,
    0.28172464478196957,
    0.2787849093581578,
    0.28123468887800096,
    0.28025477707006374,
    0.279764821166095,
    0.2831945124938755,
    0.2827045565899069,
    0.2827045565899069,
    0.28074473297403235,
    0.28172464478196957,
    0.28074473297403235,
    0.2822146006859383,
    0.28074473297403235,
    0.28074473297403235,
    0.28123468887800096,
    0.28074473297403235,
    0.28025477707006374,
    0.2782949534541891,
    0.277315041646252,
    0.2792748652621264,
    0.2778049975502205,
    0.2778049975502205,
    0.27633512983831454,
    0.28025477707006374,
    0.27682508574228304,
    0.27241548260656545,
    0.2778049975502205,
    0.2738853503184714,
    0.2714355707986281,
    0.27241548260656545,
    0.2660460558549731,
    0.2660460558549731,
    0.2665360117589417,
    0.2660460558549731,
    0.2660460558549731,
    0.2665360117589417,
    0.26359627633512983,
    0.26408623223909844,
    0.26457618814306716,
    0.26457618814306716,
    0.2670259676629104,
    0.26457618814306716,
    0.2650661440470359,
    0.26408623223909844,
    0.26457618814306716,
    0.26359627633512983,
    0.26114649681528657,
    0.25967662910338074,
    0.26114649681528657,
    0.2582067613914748,
    0.259186673199412,
    0.25673689367956887,
    0.2582067613914748
  ],
  "durations": [
    3.0467801094055176,
    3.197516918182373,
    3.244860887527466,
    3.392307996749878,
    3.0233218669891357,
    3.241482973098755,
    3.1482741832733154,
    3.121384382247925,
    3.143726110458374,
    3.204397201538086,
    3.420823097229004,
    3.2166330814361572,
    3.1704649925231934,
    3.1696701049804688,
    3.2953989505767822,
    3.200286865234375,
    3.2146942615509033,
    3.257459878921509,
    3.2625956535339355,
    3.423427104949951,
    3.4066009521484375,
    3.430791139602661,
    3.5935122966766357,
    3.315207004547119,
    3.6691250801086426,
    3.453274965286255,
    3.461331844329834,
    3.4454309940338135,
    3.3580098152160645,
    3.7955009937286377,
    3.4554150104522705,
    3.33771014213562,
    3.495511054992676,
    3.54514479637146,
    3.5236260890960693,
    3.4574170112609863,
    3.553927183151245,
    3.4491467475891113,
    3.5526821613311768,
    3.5613486766815186,
    3.5998311042785645,
    3.6584389209747314,
    4.652927875518799,
    3.9433391094207764,
    3.9343888759613037,
    4.3177361488342285,
    4.017909049987793,
    4.055208206176758,
    3.8151180744171143,
    3.799525022506714,
    3.8175690174102783,
    3.8854668140411377,
    4.999508857727051,
    4.281325101852417,
    3.843747138977051,
    3.881056070327759,
    3.923168897628784,
    4.280492067337036,
    4.678630113601685,
    4.028593063354492,
    4.358362674713135,
    4.027953863143921,
    4.783752202987671,
    4.465981960296631,
    4.17179012298584,
    4.496909856796265,
    4.587903022766113,
    4.6194541454315186,
    5.523449897766113,
    5.265916347503662,
    5.633657693862915,
    6.022748947143555,
    4.257742881774902,
    5.707900047302246,
    5.149267911911011,
    4.182861804962158,
    4.6076271533966064,
    4.392426013946533,
    4.57383918762207,
    5.210165023803711,
    4.529908180236816,
    4.428603172302246,
    4.516654014587402,
    4.990628004074097,
    4.40234112739563,
    4.301922798156738,
    4.266033172607422,
    4.6228249073028564,
    4.312547206878662,
    4.3270862102508545,
    4.4567320346832275,
    4.62581992149353,
    5.439287900924683,
    5.636960029602051,
    5.353139162063599,
    5.666581153869629,
    4.927940130233765,
    4.9563047885894775,
    4.4581990242004395,
    4.5323710441589355
  ]
}