{
  "E_in": [
    0.0,
    0.0,
    0.0,
    0.0,
    0.0,
    0.0,
    0.0,
    0.0,
    0.0,
    0.0,
    0.0,
    0.0,
    0.0,
    0.0,
    0.0,
    0.0,
    0.01492537313432829,
    0.014705882352941124,
    0.014492753623188248,
    0.014285714285714124,
    0.014084507042253502,
    0.01388888888888884,
    0.013698630136986356,
    0.013513513513513598,
    0.013333333333333308,
    0.013157894736842146,
    0.012987012987012991,
    0.012820512820512664,
    0.012658227848101222,
    0.012499999999999956,
    0.012345679012345734,
    0.012195121951219523,
    0.012048192771084376,
    0.011904761904761862,
    0.0117647058823529,
    0.011627906976744207,
    0.011494252873563204,
    0.011363636363636354,
    0.011235955056179803,
    0.011111111111111183,
    0.01098901098901095,
    0.010869565217391353,
    0.010752688172043001,
    0.010638297872340385,
    0.010526315789473717,
    0.010416666666666519,
    0.020618556701030966,
    0.010204081632652962,
    0.02020202020202022,
    0.010000000000000009,
    0.00990099009900991,
    0.009803921568627305,
    0.01941747572815533,
    0.009615384615384581,
    0.00952380952380949,
    0.009433962264150941,
    0.009345794392523366,
    0.00925925925925919,
    0.00917431192660545,
    0.009090909090909038,
    0.018018018018018056,
    0.008928571428571397,
    0.017699115044247815,
    0.01754385964912286,
    0.017391304347826098,
    0.017241379310344862,
    0.017094017094017144,
    0.016949152542372836,
    0.01680672268907568,
    0.008333333333333304,
    0.016528925619834656,
    0.016393442622950838,
    0.008130081300813052,
    0.008064516129032362,
    0.008000000000000007,
    0.007936507936507797,
    0.007874015748031371,
    0.0078125,
    0.007751937984496027,
    0.007692307692307776,
    0.007633587786259555,
    0.007575757575757458,
    0.007518796992481258,
    0.02238805970149249,
    0.022222222222222254,
    0.007352941176470562,
    0.014598540145985384,
    0.021739130434782705,
    0.014388489208633115,
    0.014285714285714124,
    0.014184397163120699,
    0.007042253521126751,
    0.027972027972028024,
    0.01388888888888884,
    0.006896551724137945,
    0.006849315068493289,
    0.013605442176870763,
    0.020270270270270285,
    0.046979865771812124,
    0.013333333333333308
  ],
  "E_out": [
    0.33806957373836355,
    0.40029397354238117,
    0.3601175894169525,
    0.33855952964233216,
    0.32533072023517884,
    0.34688878000979917,
    0.33414992650661446,
    0.3405193532582068,
    0.397844194022538,
    0.34590886820186184,
    0.3287604115629592,
    0.3277804997550221,
    0.3086722195002448,
    0.31357177853993146,
    0.32582067613914745,
    0.3321901028907398,
    0.33806957373836355,
    0.3606075453209211,
    0.348358647721705,
    0.3395394414502695,
    0.3601175894169525,
    0.3356197942185203,
    0.33365997060264574,
    0.3356197942185203,
    0.3160215580597746,
    0.32925036746692793,
    0.3228809407153357,
    0.3165115139637432,
    0.31308182263596285,
    0.30671239588437027,
    0.3032827045565899,
    0.3076923076923077,
    0.3121019108280255,
    0.3111219990200883,
    0.30671239588437027,
    0.3086722195002448,
    0.3037726604605585,
    0.30524252817246444,
    0.3032827045565899,
    0.3072023517883392,
    0.30181283684468396,
    0.29691327780499743,
    0.2983831455169035,
    0.29789318961293487,
    0.2983831455169035,
    0.30181283684468396,
    0.28858402743753064,
    0.2822146006859383,
    0.2753552180303772,
    0.2822146006859383,
    0.2738853503184714,
    0.27290543851053395,
    0.26898579127878497,
    0.2665360117589417,
    0.2694757471827536,
    0.2699657030867222,
    0.2694757471827536,
    0.26898579127878497,
    0.27290543851053395,
    0.26800587947084764,
    0.2699657030867222,
    0.2778049975502205,
    0.26751592356687903,
    0.27241548260656545,
    0.27241548260656545,
    0.2792748652621264,
    0.2694757471827536,
    0.2670259676629104,
    0.2660460558549731,
    0.2660460558549731,
    0.26457618814306716,
    0.26065654091131796,
    0.26016658500734935,
    0.26359627633512983,
    0.2586967172954434,
    0.26408623223909844,
    0.2586967172954434,
    0.25673689367956887,
    0.25526702596766304,
    0.2586967172954434,
    0.25673689367956887,
    0.25575698187163154,
    0.26016658500734935,
    0.2582067613914748,
    0.2626163645271924,
    0.2572268495835375,
    0.25183733463988245,
    0.2503674669279765,
    0.2464478196962273,
    0.25183733463988245,
    0.2503674669279765,
    0.24840764331210186,
    0.24791768740813325,
    0.24840764331210186,
    0.24693777560019603,
    0.2464478196962273,
    0.24938755512003918,
    0.2498775110240078,
    0.2459578637922587,
    0.24448799608035277
  ],
  "durations": [
    3.104430913925171,
    3.0835490226745605,
    3.0603809356689453,
    3.4275362491607666,
    3.180812120437622,
    3.061842203140259,
    3.461038112640381,
    3.232897996902466,
    3.2014060020446777,
    3.1417441368103027,
    3.554003953933716,
    3.2725560665130615,
    3.496878147125244,
    3.235366106033325,
    3.2611420154571533,
    3.245194435119629,
    3.275639772415161,
    3.2898340225219727,
    3.534919023513794,
    3.178278923034668,
    3.3011789321899414,
    3.3478217124938965,
    3.345442056655884,
    3.3791720867156982,
    3.6131250858306885,
    3.5471301078796387,
    3.4031200408935547,
    3.3919239044189453,
    3.4559600353240967,
    3.5500221252441406,
    3.530947208404541,
    3.496601104736328,
    3.727546215057373,
    3.5142340660095215,
    3.4783811569213867,
    3.552347183227539,
    3.5401179790496826,
    3.572129964828491,
    3.7216248512268066,
    3.803514242172241,
    3.5470337867736816,
    3.539249897003174,
    3.7216291427612305,
    3.6070001125335693,
    3.6142377853393555,
    3.6512057781219482,
    3.5873427391052246,
    3.673847198486328,
    3.634237766265869,
    3.6294069290161133,
    3.73957896232605,
    3.837415933609009,
    3.839364767074585,
    3.9187278747558594,
    3.9884591102600098,
    3.8305652141571045,
    4.326579332351685,
    3.821578025817871,
    3.890347957611084,
    3.9952261447906494,
    3.871199131011963,
    3.9207282066345215,
    3.9878079891204834,
    4.029470205307007,
    4.016777992248535,
    3.9864799976348877,
    3.935479164123535,
    4.007215976715088,
    3.9084208011627197,
    4.04283595085144,
    4.089103937149048,
    4.053171873092651,
    4.088220119476318,
    4.374039173126221,
    4.0717933177948,
    4.21345591545105,
    4.454146146774292,
    4.166962146759033,
    4.1496970653533936,
    4.162188768386841,
    4.065618991851807,
    4.1260600090026855,
    4.257487058639526,
    4.249349117279053,
    4.216803789138794,
    4.285323143005371,
    4.177502870559692,
    4.201300859451294,
    4.197544813156128,
    4.358339071273804,
    4.190141916275024,
    4.24677300453186,
    4.268173933029175,
    4.369604825973511,
    4.400376081466675,
    4.852575063705444,
    5.223472833633423,
    4.390344142913818,
    4.5534539222717285,
    4.43857216835022
  ]
}