{
  "E_in": [
    0.0,
    0.0,
    0.0,
    0.0,
    0.0,
    0.0,
    0.0,
    0.0,
    0.0,
    0.0,
    0.0,
    0.0,
    0.0,
    0.0,
    0.0,
    0.0,
    0.0,
    0.0,
    0.0,
    0.0,
    0.0,
    0.0,
    0.0,
    0.0,
    0.013333333333333308,
    0.0,
    0.012987012987012991,
    0.012820512820512664,
    0.0,
    0.0,
    0.012345679012345734,
    0.012195121951219523,
    0.0,
    0.0,
    0.0117647058823529,
    0.0,
    0.0,
    0.0,
    0.0,
    0.0,
    0.0,
    0.2282608695652173,
    0.0,
    0.0,
    0.0,
    0.0,
    0.0,
    0.0,
    0.0,
    0.0,
    0.0,
    0.019607843137254943,
    0.029126213592232997,
    0.009615384615384581,
    0.0,
    0.018867924528301883,
    0.01869158878504673,
    0.00925925925925919,
    0.00917431192660545,
    0.0,
    0.0,
    0.0,
    0.0,
    0.00877192982456132,
    0.008695652173912993,
    0.008620689655172376,
    0.008547008547008517,
    0.008474576271186418,
    0.008403361344537785,
    0.008333333333333304,
    0.008264462809917328,
    0.008196721311475419,
    0.008130081300813052,
    0.008064516129032362,
    0.008000000000000007,
    0.007936507936507797,
    0.007874015748031371,
    0.0078125,
    0.007751937984496027,
    0.007692307692307776,
    0.007633587786259555,
    0.007575757575757458,
    0.0,
    0.0,
    0.007407407407407529,
    0.0,
    0.0,
    0.0,
    0.0,
    0.0,
    0.0,
    0.0,
    0.006993006993006978,
    0.0,
    0.0,
    0.0,
    0.0,
    0.0,
    0.0,
    0.00666666666666671
  ],
  "E_out": [
    0.38706516413522785,
    0.3272905438510534,
    0.3312101910828027,
    0.38265556099951004,
    0.3268005879470848,
    0.3194512493875551,
    0.3081822635962763,
    0.30181283684468396,
    0.28564429201371877,
    0.2944634982851544,
    0.2944634982851544,
    0.2748652621264085,
    0.2792748652621264,
    0.28564429201371877,
    0.2866242038216561,
    0.29250367466927973,
    0.3076923076923077,
    0.30965213130818225,
    0.3042626163645272,
    0.2920137187653111,
    0.2866242038216561,
    0.2988731014208722,
    0.30965213130818225,
    0.29691327780499743,
    0.28172464478196957,
    0.2949534541891229,
    0.2778049975502205,
    0.27633512983831454,
    0.27682508574228304,
    0.2866242038216561,
    0.2699657030867222,
    0.2665360117589417,
    0.2694757471827536,
    0.26898579127878497,
    0.2655560999510044,
    0.2670259676629104,
    0.2650661440470359,
    0.26114649681528657,
    0.2586967172954434,
    0.25624693777560015,
    0.2542871141597256,
    0.2582067613914748,
    0.2621264086232239,
    0.25624693777560015,
    0.25281724644781955,
    0.26114649681528657,
    0.25575698187163154,
    0.25526702596766304,
    0.2621264086232239,
    0.25673689367956887,
    0.25575698187163154,
    0.25183733463988245,
    0.250857422831945,
    0.25526702596766304,
    0.25281724644781955,
    0.2533072023517885,
    0.25575698187163154,
    0.2542871141597256,
    0.2547770700636943,
    0.25575698187163154,
    0.25673689367956887,
    0.2542871141597256,
    0.2533072023517885,
    0.2464478196962273,
    0.24742773150416464,
    0.24742773150416464,
    0.24938755512003918,
    0.24448799608035277,
    0.2420382165605095,
    0.2454679078882901,
    0.24448799608035277,
    0.23958843704066635,
    0.23860852523272902,
    0.2454679078882901,
    0.24889759921607046,
    0.24056834884860367,
    0.24301812836844694,
    0.24497795198432148,
    0.23909848113669763,
    0.24448799608035277,
    0.24105830475257217,
    0.23909848113669763,
    0.24350808427241544,
    0.2459578637922587,
    0.24056834884860367,
    0.2415482606565409,
    0.2454679078882901,
    0.24399804017638416,
    0.24301812836844694,
    0.24497795198432148,
    0.24840764331210186,
    0.24301812836844694,
    0.24007839294463496,
    0.2459578637922587,
    0.24497795198432148,
    0.2454679078882901,
    0.24693777560019603,
    0.2454679078882901,
    0.2454679078882901,
    0.2459578637922587
  ],
  "durations": [
    4.533160924911499,
    4.570793867111206,
    4.483870983123779,
    4.565180063247681,
    4.697859048843384,
    4.514774799346924,
    4.696125030517578,
    4.572883129119873,
    4.65792989730835,
    4.625900983810425,
    4.609375,
    4.67293906211853,
    4.6089160442352295,
    4.715609788894653,
    4.700546026229858,
    4.717217683792114,
    4.8316028118133545,
    4.783373117446899,
    4.797493934631348,
    4.841490983963013,
    5.431070804595947,
    5.487736940383911,
    4.972916841506958,
    5.658026933670044,
    5.832680940628052,
    5.699345827102661,
    7.355152130126953,
    5.603583097457886,
    5.258615016937256,
    5.648308038711548,
    5.345762014389038,
    5.81886625289917,
    5.9024457931518555,
    5.127374887466431,
    5.191498041152954,
    5.125400066375732,
    5.160712957382202,
    5.309733152389526,
    5.421931982040405,
    5.286143064498901,
    5.451556205749512,
    5.668907165527344,
    5.634446859359741,
    5.217692852020264,
    5.329501152038574,
    5.93718695640564,
    5.413312196731567,
    6.494271993637085,
    6.709319114685059,
    6.769639253616333,
    5.74328088760376,
    5.6869916915893555,
    5.6229822635650635,
    5.777306079864502,
    5.831202030181885,
    5.847270965576172,
    5.790323972702026,
    5.798551082611084,
    5.992652654647827,
    6.10031795501709,
    5.909141302108765,
    5.9969470500946045,
    6.210771083831787,
    5.83697509765625,
    6.002556085586548,
    6.129842042922974,
    6.114991903305054,
    6.120743989944458,
    6.04367995262146,
    6.155658960342407,
    6.074963092803955,
    6.050137996673584,
    6.176621913909912,
    6.152514934539795,
    6.312896013259888,
    6.22895073890686,
    6.147826910018921,
    6.1874401569366455,
    6.343160152435303,
    6.385162115097046,
    6.49877405166626,
    6.698358058929443,
    6.425203084945679,
    6.556521892547607,
    6.553382873535156,
    6.544672966003418,
    6.256497144699097,
    6.379958868026733,
    6.630429983139038,
    6.715043067932129,
    6.6352880001068115,
    6.990636110305786,
    6.760374069213867,
    6.791684865951538,
    6.955414056777954,
    6.793544292449951,
    6.911809206008911,
    6.826145172119141,
    8.601170063018799,
    7.655385732650757
  ]
}