{
  "E_in": [
    0.0,
    0.019230769230769384,
    0.0,
    0.01851851851851849,
    0.018181818181818077,
    0.0,
    0.0,
    0.0,
    0.016949152542372836,
    0.0,
    0.016393442622950838,
    0.016129032258064502,
    0.015873015873015928,
    0.0,
    0.0,
    0.015151515151515138,
    0.0,
    0.0,
    0.0,
    0.0,
    0.0,
    0.0,
    0.0,
    0.0,
    0.013333333333333308,
    0.0,
    0.0,
    0.012820512820512664,
    0.0,
    0.025000000000000022,
    0.024691358024691357,
    0.7317073170731707,
    0.012048192771084376,
    0.023809523809523836,
    0.04705882352941193,
    0.0348837209302324,
    0.034482758620689724,
    0.045454545454545414,
    0.0786516853932584,
    0.022222222222222254,
    0.04395604395604391,
    0.06521739130434778,
    0.021505376344086113,
    0.03191489361702127,
    0.13684210526315777,
    0.09375,
    0.030927835051546393,
    0.030612244897959218,
    0.1717171717171717,
    0.14,
    0.02970297029702973,
    0.02941176470588236,
    0.029126213592232997,
    0.038461538461538436,
    0.04761904761904778,
    0.028301886792452824,
    0.05607476635514019,
    0.05555555555555558,
    0.06422018348623848,
    0.054545454545454564,
    0.16216216216216206,
    0.044642857142857095,
    0.08849557522123908,
    0.07894736842105265,
    0.13043478260869568,
    0.06896551724137934,
    0.05982905982905995,
    0.06779661016949168,
    0.03361344537815125,
    0.18333333333333324,
    0.04132231404958675,
    0.06557377049180313,
    0.04065040650406504,
    0.06451612903225812,
    0.19199999999999984,
    0.08730158730158732,
    0.07086614173228345,
    0.0625,
    0.06976744186046513,
    0.13076923076923075,
    0.19083969465648853,
    0.18939393939393934,
    0.03759398496240607,
    0.16417910447761197,
    0.0444444444444444,
    0.05882352941176483,
    0.0948905109489051,
    0.07246376811594202,
    0.14388489208633093,
    0.37857142857142856,
    0.06382978723404253,
    0.05633802816901412,
    0.07692307692307698,
    0.0902777777777779,
    0.193103448275862,
    0.03424657534246578,
    0.04761904761904778,
    0.06756756756756754,
    0.0738255033557047,
    0.05333333333333323
  ],
  "E_out": [
    0.3527682508574227,
    0.377266046055855,
    0.3846153846153846,
    0.35423811856932874,
    0.34149926506614403,
    0.336109750122489,
    0.33365997060264574,
    0.32974032337089665,
    0.3287604115629592,
    0.35815776580107794,
    0.3228809407153357,
    0.32925036746692793,
    0.3356197942185203,
    0.3268005879470848,
    0.3121019108280255,
    0.30475257226849584,
    0.31259186673199413,
    0.3170014698677118,
    0.3062224399804018,
    0.30230279274865257,
    0.30524252817246444,
    0.29691327780499743,
    0.29789318961293487,
    0.29740323370896615,
    0.2944634982851544,
    0.29397354238118567,
    0.29740323370896615,
    0.29250367466927973,
    0.29250367466927973,
    0.28417442430181283,
    0.2782949534541891,
    0.39931406173444395,
    0.2827045565899069,
    0.277315041646252,
    0.2738853503184714,
    0.27682508574228304,
    0.27290543851053395,
    0.2699657030867222,
    0.2699657030867222,
    0.2782949534541891,
    0.27339539441450267,
    0.2704556589906908,
    0.2753552180303772,
    0.2748652621264085,
    0.2704556589906908,
    0.26849583537481625,
    0.2704556589906908,
    0.27192552670259673,
    0.2709456148946594,
    0.2704556589906908,
    0.2753552180303772,
    0.2753552180303772,
    0.27682508574228304,
    0.2738853503184714,
    0.27290543851053395,
    0.27437530622244,
    0.2704556589906908,
    0.2709456148946594,
    0.26898579127878497,
    0.2694757471827536,
    0.2699657030867222,
    0.2714355707986281,
    0.26800587947084764,
    0.26800587947084764,
    0.26898579127878497,
    0.26800587947084764,
    0.26849583537481625,
    0.26898579127878497,
    0.2709456148946594,
    0.2704556589906908,
    0.2738853503184714,
    0.26800587947084764,
    0.2704556589906908,
    0.26898579127878497,
    0.2709456148946594,
    0.26751592356687903,
    0.26898579127878497,
    0.2704556589906908,
    0.2694757471827536,
    0.26849583537481625,
    0.2704556589906908,
    0.2704556589906908,
    0.27241548260656545,
    0.26898579127878497,
    0.2694757471827536,
    0.2699657030867222,
    0.2665360117589417,
    0.2660460558549731,
    0.26800587947084764,
    0.2694757471827536,
    0.2621264086232239,
    0.2621264086232239,
    0.26751592356687903,
    0.2650661440470359,
    0.2650661440470359,
    0.2572268495835375,
    0.25673689367956887,
    0.26359627633512983,
    0.2626163645271924,
    0.2621264086232239
  ],
  "durations": [
    5.310431957244873,
    4.660011053085327,
    4.788656711578369,
    5.439846992492676,
    4.867547988891602,
    7.182937145233154,
    5.619607925415039,
    5.463860988616943,
    5.0273120403289795,
    4.964320182800293,
    5.783829927444458,
    5.10592794418335,
    5.416630983352661,
    4.915801048278809,
    4.911521911621094,
    5.796626806259155,
    6.818219184875488,
    5.321145057678223,
    7.197319030761719,
    4.9730401039123535,
    4.948869943618774,
    5.054517030715942,
    5.552844762802124,
    5.545106887817383,
    5.78313684463501,
    6.693091869354248,
    5.552062034606934,
    5.285394191741943,
    5.123855113983154,
    5.521669149398804,
    6.321335077285767,
    7.185788869857788,
    5.770037889480591,
    5.4588868618011475,
    5.760990858078003,
    6.3091042041778564,
    6.502474069595337,
    6.429006099700928,
    6.694002151489258,
    6.260569095611572,
    5.380122184753418,
    5.645882844924927,
    5.875885009765625,
    5.826402902603149,
    5.866490125656128,
    6.5835230350494385,
    7.407303810119629,
    7.0488340854644775,
    7.15413498878479,
    6.2638258934021,
    6.151450872421265,
    6.478805065155029,
    7.531176328659058,
    5.807713747024536,
    6.013013124465942,
    6.213512897491455,
    6.092927932739258,
    7.927602052688599,
    6.982635021209717,
    6.150926113128662,
    6.593469142913818,
    6.33612322807312,
    6.6431028842926025,
    6.0074920654296875,
    6.0234010219573975,
    6.101251840591431,
    6.63524603843689,
    7.309549808502197,
    7.287836313247681,
    9.445295810699463,
    7.6229517459869385,
    6.738959074020386,
    7.602755069732666,
    8.707471132278442,
    6.851637125015259,
    7.07401967048645,
    7.4130988121032715,
    8.359855890274048,
    7.35206413269043,
    6.686388969421387,
    6.658742666244507,
    7.496805906295776,
    7.337162017822266,
    7.7950849533081055,
    8.99404001235962,
    6.7297821044921875,
    7.571083068847656,
    6.746159791946411,
    7.1583569049835205,
    6.640185832977295,
    7.179776906967163,
    7.738837003707886,
    7.318360090255737,
    9.808463096618652,
    8.107347965240479,
    8.267195224761963,
    8.327729225158691,
    7.25740122795105,
    7.935426235198975,
    7.629251003265381
  ]
}