{
  "E_in": [
    0.0,
    0.0,
    0.0,
    0.0,
    0.0,
    0.0,
    0.0,
    0.0,
    0.0,
    0.0,
    0.0,
    0.0,
    0.0,
    0.0,
    0.0,
    0.0,
    0.0,
    0.0,
    0.0,
    0.0,
    0.0,
    0.0,
    0.0,
    0.0,
    0.0,
    0.0,
    0.0,
    0.0,
    0.0,
    0.0,
    0.0,
    0.0,
    0.0,
    0.0,
    0.02352941176470591,
    0.023255813953488524,
    0.034482758620689724,
    0.0,
    0.0337078651685393,
    0.011111111111111183,
    0.0,
    0.010869565217391353,
    0.010752688172043001,
    0.010638297872340385,
    0.0,
    0.0,
    0.030927835051546393,
    0.0,
    0.0,
    0.0,
    0.02970297029702973,
    0.009803921568627305,
    0.029126213592232997,
    0.019230769230769384,
    0.00952380952380949,
    0.009433962264150941,
    0.01869158878504673,
    0.00925925925925919,
    0.02752293577981646,
    0.018181818181818077,
    0.018018018018018056,
    0.017857142857142905,
    0.017699115044247815,
    0.026315789473684292,
    0.017391304347826098,
    0.017241379310344862,
    0.017094017094017144,
    0.016949152542372836,
    0.008403361344537785,
    0.01666666666666672,
    0.008264462809917328,
    0.024590163934426257,
    0.008130081300813052,
    0.016129032258064502,
    0.008000000000000007,
    0.023809523809523836,
    0.015748031496062964,
    0.0390625,
    0.023255813953488524,
    0.01538461538461533,
    0.022900763358778664,
    0.022727272727272707,
    0.022556390977443663,
    0.02238805970149249,
    0.022222222222222254,
    0.022058823529411686,
    0.021897810218977964,
    0.014492753623188248,
    0.021582733812949617,
    0.014285714285714124,
    0.014184397163120699,
    0.007042253521126751,
    0.006993006993006978,
    0.00694444444444442,
    0.006896551724137945,
    0.006849315068493289,
    0.006802721088435382,
    0.006756756756756799,
    0.03355704697986572,
    0.013333333333333308
  ],
  "E_out": [
    0.3317001469867712,
    0.3410093091621753,
    0.32582067613914745,
    0.33072023517883375,
    0.31308182263596285,
    0.3042626163645272,
    0.2954434100930916,
    0.2905438510534052,
    0.315531602155806,
    0.2959333659970602,
    0.28858402743753064,
    0.2954434100930916,
    0.28074473297403235,
    0.2787849093581578,
    0.27339539441450267,
    0.27241548260656545,
    0.26457618814306716,
    0.26016658500734935,
    0.26849583537481625,
    0.2714355707986281,
    0.2699657030867222,
    0.2655560999510044,
    0.259186673199412,
    0.2650661440470359,
    0.2699657030867222,
    0.26457618814306716,
    0.26114649681528657,
    0.25673689367956887,
    0.2650661440470359,
    0.2577168054875061,
    0.2616364527192553,
    0.26065654091131796,
    0.2586967172954434,
    0.25624693777560015,
    0.25673689367956887,
    0.2572268495835375,
    0.2572268495835375,
    0.26065654091131796,
    0.25673689367956887,
    0.259186673199412,
    0.259186673199412,
    0.25624693777560015,
    0.2582067613914748,
    0.259186673199412,
    0.26359627633512983,
    0.2577168054875061,
    0.2533072023517885,
    0.259186673199412,
    0.2533072023517885,
    0.25575698187163154,
    0.24840764331210186,
    0.25134737873591373,
    0.2464478196962273,
    0.24742773150416464,
    0.2503674669279765,
    0.24889759921607046,
    0.24301812836844694,
    0.24497795198432148,
    0.24301812836844694,
    0.24399804017638416,
    0.2454679078882901,
    0.24497795198432148,
    0.24497795198432148,
    0.24301812836844694,
    0.2459578637922587,
    0.24448799608035277,
    0.2454679078882901,
    0.24105830475257217,
    0.24350808427241544,
    0.24742773150416464,
    0.2454679078882901,
    0.2459578637922587,
    0.24938755512003918,
    0.24693777560019603,
    0.2464478196962273,
    0.24105830475257217,
    0.24497795198432148,
    0.24056834884860367,
    0.24301812836844694,
    0.24252817246447822,
    0.24350808427241544,
    0.24448799608035277,
    0.2415482606565409,
    0.2459578637922587,
    0.24889759921607046,
    0.2459578637922587,
    0.24791768740813325,
    0.24889759921607046,
    0.2498775110240078,
    0.24742773150416464,
    0.2498775110240078,
    0.2454679078882901,
    0.24889759921607046,
    0.24938755512003918,
    0.24840764331210186,
    0.24791768740813325,
    0.24693777560019603,
    0.24938755512003918,
    0.24350808427241544,
    0.2420382165605095
  ],
  "durations": [
    4.532372951507568,
    4.627839088439941,
    4.586309194564819,
    4.657198667526245,
    4.685881853103638,
    4.65910005569458,
    6.153977870941162,
    5.018321990966797,
    4.744811058044434,
    4.754170894622803,
    5.612666845321655,
    5.431344032287598,
    5.1963417530059814,
    4.934207916259766,
    4.97748875617981,
    6.470299959182739,
    6.546192169189453,
    4.961129903793335,
    4.943837881088257,
    5.065432786941528,
    5.037199020385742,
    5.051717042922974,
    4.997117280960083,
    5.062326192855835,
    5.07520318031311,
    5.125458002090454,
    5.656421899795532,
    5.353608846664429,
    5.4820287227630615,
    5.288082122802734,
    5.297098875045776,
    5.378847122192383,
    5.561248064041138,
    5.437127113342285,
    5.536083936691284,
    7.281325101852417,
    7.626370906829834,
    6.2927727699279785,
    6.84817099571228,
    6.348855018615723,
    5.501727104187012,
    5.838636875152588,
    5.975768089294434,
    6.0712151527404785,
    6.260272026062012,
    6.68496298789978,
    6.182439088821411,
    6.352380990982056,
    5.892353057861328,
    8.096340417861938,
    6.137365818023682,
    6.081088066101074,
    5.962699890136719,
    6.070582151412964,
    6.059988975524902,
    6.023324728012085,
    6.092657089233398,
    6.7854719161987305,
    6.554216146469116,
    6.579862117767334,
    6.559556722640991,
    6.4808509349823,
    6.968627214431763,
    6.608127117156982,
    6.273696184158325,
    6.363547086715698,
    6.382160186767578,
    6.2332518100738525,
    6.441208124160767,
    6.401631116867065,
    9.348284006118774,
    6.771242141723633,
    6.583214044570923,
    7.333390712738037,
    6.974259853363037,
    6.366901159286499,
    6.195163011550903,
    6.271715879440308,
    6.694362163543701,
    6.719851970672607,
    6.624418020248413,
    6.8487420082092285,
    7.035137891769409,
    6.617724895477295,
    6.774925947189331,
    6.866757154464722,
    6.707377910614014,
    6.725477933883667,
    6.474730014801025,
    6.52461314201355,
    6.511467933654785,
    6.734482049942017,
    6.486001968383789,
    6.847750186920166,
    6.7174670696258545,
    6.572306871414185,
    6.698670864105225,
    6.848812103271484,
    6.837864398956299,
    6.957219839096069
  ]
}