{
  "E_in": [
    0.0,
    0.0,
    0.0,
    0.0,
    0.0,
    0.0,
    0.0,
    0.0,
    0.0,
    0.0,
    0.0,
    0.0,
    0.0,
    0.0,
    0.0,
    0.0,
    0.0,
    0.0,
    0.0,
    0.0,
    0.0,
    0.0,
    0.0,
    0.0,
    0.0,
    0.0,
    0.0,
    0.0,
    0.0,
    0.0,
    0.0,
    0.0,
    0.0,
    0.0,
    0.0,
    0.0,
    0.0,
    0.0,
    0.0,
    0.0,
    0.0,
    0.0,
    0.010752688172043001,
    0.0,
    0.0,
    0.0,
    0.020618556701030966,
    0.010204081632652962,
    0.0,
    0.0,
    0.01980198019801971,
    0.019607843137254943,
    0.009708737864077666,
    0.009615384615384581,
    0.00952380952380949,
    0.009433962264150941,
    0.009345794392523366,
    0.00925925925925919,
    0.00917431192660545,
    0.0,
    0.0,
    0.044642857142857095,
    0.008849557522123908,
    0.00877192982456132,
    0.008695652173912993,
    0.008620689655172376,
    0.008547008547008517,
    0.025423728813559254,
    0.0,
    0.008333333333333304,
    0.03305785123966942,
    0.0,
    0.0,
    0.008064516129032362,
    0.040000000000000036,
    0.007936507936507797,
    0.015748031496062964,
    0.015625,
    0.015503875968992276,
    0.0,
    0.03053435114503822,
    0.0,
    0.022556390977443663,
    0.02238805970149249,
    0.014814814814814836,
    0.0,
    0.014598540145985384,
    0.0,
    0.007194244604316502,
    0.0071428571428571175,
    0.099290780141844,
    0.007042253521126751,
    0.006993006993006978,
    0.00694444444444442,
    0.0,
    0.006849315068493289,
    0.006802721088435382,
    0.0,
    0.020134228187919323,
    0.0
  ],
  "E_out": [
    0.34639882410583045,
    0.3351298383145518,
    0.32974032337089665,
    0.3194512493875551,
    0.32974032337089665,
    0.2988731014208722,
    0.29397354238118567,
    0.2954434100930916,
    0.2920137187653111,
    0.2900538951494366,
    0.2944634982851544,
    0.30671239588437027,
    0.30083292503674675,
    0.2880940715335619,
    0.29250367466927973,
    0.2876041156295933,
    0.28466438020578133,
    0.28515433610975005,
    0.277315041646252,
    0.28466438020578133,
    0.28123468887800096,
    0.27241548260656545,
    0.27633512983831454,
    0.2778049975502205,
    0.279764821166095,
    0.2792748652621264,
    0.28417442430181283,
    0.2782949534541891,
    0.2704556589906908,
    0.26849583537481625,
    0.27339539441450267,
    0.2694757471827536,
    0.26849583537481625,
    0.2670259676629104,
    0.26408623223909844,
    0.26800587947084764,
    0.2626163645271924,
    0.26310632043116133,
    0.26065654091131796,
    0.26065654091131796,
    0.26408623223909844,
    0.2650661440470359,
    0.2650661440470359,
    0.2655560999510044,
    0.26457618814306716,
    0.2650661440470359,
    0.2621264086232239,
    0.2626163645271924,
    0.2650661440470359,
    0.26359627633512983,
    0.2621264086232239,
    0.26359627633512983,
    0.2665360117589417,
    0.26114649681528657,
    0.26065654091131796,
    0.26114649681528657,
    0.2714355707986281,
    0.26751592356687903,
    0.2586967172954434,
    0.2621264086232239,
    0.26114649681528657,
    0.2582067613914748,
    0.2616364527192553,
    0.2586967172954434,
    0.259186673199412,
    0.26016658500734935,
    0.2616364527192553,
    0.2582067613914748,
    0.259186673199412,
    0.2542871141597256,
    0.25624693777560015,
    0.2586967172954434,
    0.26065654091131796,
    0.25575698187163154,
    0.2577168054875061,
    0.2542871141597256,
    0.2582067613914748,
    0.259186673199412,
    0.26016658500734935,
    0.26310632043116133,
    0.2577168054875061,
    0.2626163645271924,
    0.25575698187163154,
    0.25673689367956887,
    0.2577168054875061,
    0.2586967172954434,
    0.25673689367956887,
    0.2586967172954434,
    0.25967662910338074,
    0.2586967172954434,
    0.2577168054875061,
    0.2572268495835375,
    0.25624693777560015,
    0.26016658500734935,
    0.26114649681528657,
    0.2586967172954434,
    0.2577168054875061,
    0.2586967172954434,
    0.25526702596766304,
    0.26016658500734935
  ],
  "durations": [
    4.775543928146362,
    5.1559202671051025,
    4.48829197883606,
    4.467382192611694,
    4.860246896743774,
    5.4011759757995605,
    5.263759136199951,
    4.877738952636719,
    4.673466205596924,
    4.873244047164917,
    5.266279220581055,
    5.352196931838989,
    5.755940914154053,
    4.644623041152954,
    5.134450912475586,
    5.236396789550781,
    5.215917110443115,
    5.310596942901611,
    5.955358028411865,
    4.937355041503906,
    5.2387120723724365,
    4.883228063583374,
    5.131371021270752,
    5.177078008651733,
    5.229510068893433,
    6.248056173324585,
    5.47127890586853,
    5.984615087509155,
    6.328574895858765,
    5.3895299434661865,
    5.394221067428589,
    5.245469093322754,
    5.36534309387207,
    5.359753847122192,
    6.101228713989258,
    6.131842851638794,
    5.190617084503174,
    5.9144980907440186,
    5.682503938674927,
    5.140726089477539,
    5.309293985366821,
    5.266772270202637,
    5.826440334320068,
    5.583259105682373,
    5.9108970165252686,
    5.593530893325806,
    5.788973093032837,
    5.779374122619629,
    6.175621032714844,
    6.555836200714111,
    6.65314507484436,
    5.952701091766357,
    5.827839136123657,
    5.72327184677124,
    6.221009969711304,
    7.397675037384033,
    6.090209007263184,
    6.1726720333099365,
    5.667317152023315,
    6.712249755859375,
    6.548893928527832,
    6.684014797210693,
    6.496287107467651,
    5.883754014968872,
    5.881191968917847,
    5.942718982696533,
    5.943134307861328,
    5.977094888687134,
    6.377476692199707,
    5.951919078826904,
    6.218224048614502,
    6.158789157867432,
    6.156954050064087,
    6.233806848526001,
    6.066490888595581,
    6.517919063568115,
    6.229794979095459,
    6.41007399559021,
    6.636910915374756,
    6.780432939529419,
    6.33259391784668,
    6.742856025695801,
    6.579584121704102,
    7.015055179595947,
    6.932213068008423,
    6.755472183227539,
    6.700334072113037,
    7.3496739864349365,
    7.1519739627838135,
    7.226164102554321,
    7.00832724571228,
    7.6222169399261475,
    7.8130528926849365,
    8.334502935409546,
    7.503409147262573,
    8.818585872650146,
    7.504788875579834,
    8.28720998764038,
    7.774953842163086,
    8.69206714630127
  ]
}