{
  "E_in": [
    0.0,
    0.0,
    0.0,
    0.0,
    0.0,
    0.0,
    0.0,
    0.017241379310344862,
    0.0,
    0.01666666666666672,
    0.0,
    0.0,
    0.0,
    0.0,
    0.0,
    0.0,
    0.0,
    0.0,
    0.0,
    0.0,
    0.0,
    0.0,
    0.013698630136986356,
    0.0,
    0.0,
    0.0,
    0.0,
    0.0,
    0.012658227848101222,
    0.0,
    0.0,
    0.0,
    0.0,
    0.0,
    0.0,
    0.011627906976744207,
    0.011494252873563204,
    0.011363636363636354,
    0.011235955056179803,
    0.011111111111111183,
    0.01098901098901095,
    0.010869565217391353,
    0.010752688172043001,
    0.010638297872340385,
    0.010526315789473717,
    0.010416666666666519,
    0.010309278350515427,
    0.020408163265306145,
    0.010101010101010055,
    0.010000000000000009,
    0.00990099009900991,
    0.009803921568627305,
    0.01941747572815533,
    0.009615384615384581,
    0.00952380952380949,
    0.009433962264150941,
    0.009345794392523366,
    0.00925925925925919,
    0.00917431192660545,
    0.009090909090909038,
    0.009009009009009028,
    0.008928571428571397,
    0.008849557522123908,
    0.00877192982456132,
    0.008695652173912993,
    0.034482758620689724,
    0.008547008547008517,
    0.008474576271186418,
    0.01680672268907568,
    0.008333333333333304,
    0.008264462809917328,
    0.008196721311475419,
    0.008130081300813052,
    0.06451612903225812,
    0.03200000000000003,
    0.023809523809523836,
    0.023622047244094557,
    0.0234375,
    0.015503875968992276,
    0.007692307692307776,
    0.01526717557251911,
    0.015151515151515138,
    0.03759398496240607,
    0.02238805970149249,
    0.014814814814814836,
    0.022058823529411686,
    0.014598540145985384,
    0.014492753623188248,
    0.014388489208633115,
    0.0071428571428571175,
    0.021276595744680882,
    0.021126760563380365,
    0.006993006993006978,
    0.01388888888888884,
    0.020689655172413834,
    0.013698630136986356,
    0.013605442176870763,
    0.013513513513513598,
    0.020134228187919323,
    0.013333333333333308
  ],
  "E_out": [
    0.3557079862812347,
    0.36697697207251345,
    0.34639882410583045,
    0.3802057814796669,
    0.3983341499265066,
    0.34639882410583045,
    0.3640372366487016,
    0.32484076433121023,
    0.35815776580107794,
    0.3326800587947085,
    0.3655071043606075,
    0.33023027927486526,
    0.33365997060264574,
    0.30181283684468396,
    0.29250367466927973,
    0.30230279274865257,
    0.3076923076923077,
    0.29789318961293487,
    0.2827045565899069,
    0.2876041156295933,
    0.28956393924546786,
    0.2822146006859383,
    0.2748652621264085,
    0.2694757471827536,
    0.2778049975502205,
    0.27437530622244,
    0.27633512983831454,
    0.2694757471827536,
    0.2694757471827536,
    0.2694757471827536,
    0.26849583537481625,
    0.2782949534541891,
    0.2704556589906908,
    0.26898579127878497,
    0.26800587947084764,
    0.26359627633512983,
    0.26800587947084764,
    0.2660460558549731,
    0.2655560999510044,
    0.26800587947084764,
    0.2670259676629104,
    0.2650661440470359,
    0.26751592356687903,
    0.2670259676629104,
    0.26310632043116133,
    0.26114649681528657,
    0.26408623223909844,
    0.27192552670259673,
    0.26359627633512983,
    0.2714355707986281,
    0.2655560999510044,
    0.2660460558549731,
    0.2665360117589417,
    0.26849583537481625,
    0.2650661440470359,
    0.26800587947084764,
    0.27339539441450267,
    0.2714355707986281,
    0.26751592356687903,
    0.2665360117589417,
    0.2650661440470359,
    0.2626163645271924,
    0.2660460558549731,
    0.26114649681528657,
    0.26114649681528657,
    0.2533072023517885,
    0.2533072023517885,
    0.25967662910338074,
    0.25624693777560015,
    0.2533072023517885,
    0.2616364527192553,
    0.2586967172954434,
    0.26016658500734935,
    0.25183733463988245,
    0.25281724644781955,
    0.2542871141597256,
    0.253797158255757,
    0.25281724644781955,
    0.2542871141597256,
    0.259186673199412,
    0.25575698187163154,
    0.25526702596766304,
    0.2542871141597256,
    0.25526702596766304,
    0.25673689367956887,
    0.25673689367956887,
    0.25575698187163154,
    0.25575698187163154,
    0.253797158255757,
    0.25281724644781955,
    0.2577168054875061,
    0.2572268495835375,
    0.25526702596766304,
    0.2547770700636943,
    0.2586967172954434,
    0.25526702596766304,
    0.25575698187163154,
    0.25575698187163154,
    0.25967662910338074,
    0.2582067613914748
  ],
  "durations": [
    5.7110559940338135,
    5.394529104232788,
    5.028559923171997,
    5.308698892593384,
    4.853945016860962,
    4.933593034744263,
    4.903585910797119,
    5.027335166931152,
    5.4314799308776855,
    5.066617965698242,
    5.46093487739563,
    5.061913967132568,
    5.098284006118774,
    5.200969219207764,
    5.1838698387146,
    5.8089258670806885,
    5.1691131591796875,
    5.226951837539673,
    5.325963973999023,
    6.150113105773926,
    5.5077269077301025,
    5.5152060985565186,
    5.40729284286499,
    5.466158151626587,
    5.743070840835571,
    5.280547857284546,
    5.036723852157593,
    5.135814189910889,
    5.823823928833008,
    5.835992097854614,
    5.275789260864258,
    5.447664737701416,
    5.271302938461304,
    5.296663761138916,
    5.477360963821411,
    5.573966026306152,
    5.463176965713501,
    5.35223388671875,
    5.342290163040161,
    5.643636226654053,
    5.620146036148071,
    5.643122911453247,
    5.790992021560669,
    5.951741933822632,
    5.878277063369751,
    6.429849863052368,
    6.250936031341553,
    5.667402982711792,
    5.8334972858428955,
    5.552191972732544,
    5.632753133773804,
    6.0667572021484375,
    5.870968818664551,
    6.288986682891846,
    6.140686750411987,
    6.00081729888916,
    5.655155897140503,
    6.291053056716919,
    5.57218599319458,
    5.664306879043579,
    6.358692169189453,
    8.6734299659729,
    6.825196743011475,
    6.415950059890747,
    6.581012964248657,
    8.80347490310669,
    9.480624198913574,
    7.737014055252075,
    7.776571989059448,
    7.608622074127197,
    8.667622089385986,
    7.752084970474243,
    7.615762948989868,
    8.554908990859985,
    7.504428148269653,
    6.70121431350708,
    7.083890914916992,
    8.222931861877441,
    7.379204273223877,
    6.912843704223633,
    6.8522789478302,
    6.397953748703003,
    6.930685043334961,
    8.377479791641235,
    7.536774158477783,
    8.065956115722656,
    6.4876322746276855,
    6.638075113296509,
    6.87542986869812,
    6.775680780410767,
    7.024150133132935,
    6.592544317245483,
    6.842334985733032,
    6.497909069061279,
    6.485459089279175,
    7.1267499923706055,
    6.991775274276733,
    7.453866958618164,
    8.58387279510498,
    6.798949241638184
  ]
}