{
  "E_in": [
    0.0,
    0.0,
    0.0,
    0.0,
    0.0,
    0.0,
    0.0,
    0.017241379310344862,
    0.016949152542372836,
    0.01666666666666672,
    0.016393442622950838,
    0.016129032258064502,
    0.015873015873015928,
    0.015625,
    0.01538461538461533,
    0.015151515151515138,
    0.01492537313432829,
    0.014705882352941124,
    0.014492753623188248,
    0.014285714285714124,
    0.014084507042253502,
    0.01388888888888884,
    0.02739726027397249,
    0.013513513513513598,
    0.0,
    0.0,
    0.0,
    0.0,
    0.0,
    0.0,
    0.012345679012345734,
    0.012195121951219523,
    0.02409638554216864,
    0.0,
    0.02352941176470591,
    0.023255813953488524,
    0.02298850574712641,
    0.011363636363636354,
    0.022471910112359605,
    0.022222222222222254,
    0.02197802197802201,
    0.03260869565217395,
    0.053763440860215006,
    0.04255319148936165,
    0.04210526315789476,
    0.04166666666666652,
    0.04123711340206182,
    0.04081632653061229,
    0.02020202020202022,
    0.050000000000000044,
    0.04950495049504955,
    0.02941176470588236,
    0.029126213592232997,
    0.028846153846153855,
    0.02857142857142858,
    0.028301886792452824,
    0.028037383177570097,
    0.00925925925925919,
    0.00917431192660545,
    0.027272727272727226,
    0.027027027027026973,
    0.0267857142857143,
    0.026548672566371723,
    0.026315789473684292,
    0.02608695652173909,
    0.008620689655172376,
    0.02564102564102566,
    0.025423728813559254,
    0.025210084033613467,
    0.025000000000000022,
    0.03305785123966942,
    0.032786885245901676,
    0.03252032520325199,
    0.032258064516129004,
    0.008000000000000007,
    0.015873015873015928,
    0.03149606299212604,
    0.03125,
    0.023255813953488524,
    0.023076923076923106,
    0.022900763358778664,
    0.022727272727272707,
    0.022556390977443663,
    0.02985074626865669,
    0.03703703703703709,
    0.022058823529411686,
    0.029197080291970767,
    0.02898550724637683,
    0.02877697841726634,
    0.021428571428571574,
    0.007092198581560294,
    0.028169014084507005,
    0.027972027972028024,
    0.0277777777777779,
    0.02758620689655178,
    0.02739726027397249,
    0.027210884353741527,
    0.027027027027026973,
    0.02684563758389258,
    0.033333333333333326
  ],
  "E_out": [
    0.3851053405193533,
    0.37089661930426265,
    0.3527682508574227,
    0.3400293973542381,
    0.32974032337089665,
    0.3150416462518373,
    0.3106320431161196,
    0.32631063204311617,
    0.3165115139637432,
    0.30965213130818225,
    0.3238608525232729,
    0.3106320431161196,
    0.32925036746692793,
    0.32533072023517884,
    0.30965213130818225,
    0.2993630573248409,
    0.29348358647721706,
    0.2944634982851544,
    0.29691327780499743,
    0.2876041156295933,
    0.28956393924546786,
    0.2959333659970602,
    0.2876041156295933,
    0.29299363057324834,
    0.2998530132288094,
    0.29691327780499743,
    0.2998530132288094,
    0.300342969132778,
    0.2900538951494366,
    0.30132288094071535,
    0.29691327780499743,
    0.2876041156295933,
    0.28564429201371877,
    0.30083292503674675,
    0.2827045565899069,
    0.28564429201371877,
    0.2836844683978442,
    0.2880940715335619,
    0.28074473297403235,
    0.2792748652621264,
    0.2822146006859383,
    0.2778049975502205,
    0.2694757471827536,
    0.28074473297403235,
    0.2831945124938755,
    0.2782949534541891,
    0.27633512983831454,
    0.2782949534541891,
    0.2831945124938755,
    0.2787849093581578,
    0.2792748652621264,
    0.27339539441450267,
    0.2709456148946594,
    0.26898579127878497,
    0.27241548260656545,
    0.2714355707986281,
    0.2738853503184714,
    0.2738853503184714,
    0.27290543851053395,
    0.27290543851053395,
    0.2748652621264085,
    0.2714355707986281,
    0.2738853503184714,
    0.27290543851053395,
    0.27290543851053395,
    0.2694757471827536,
    0.25967662910338074,
    0.2699657030867222,
    0.2665360117589417,
    0.2670259676629104,
    0.26849583537481625,
    0.26457618814306716,
    0.2699657030867222,
    0.2655560999510044,
    0.27241548260656545,
    0.26849583537481625,
    0.26800587947084764,
    0.26751592356687903,
    0.2704556589906908,
    0.26898579127878497,
    0.26751592356687903,
    0.2694757471827536,
    0.2660460558549731,
    0.26359627633512983,
    0.25967662910338074,
    0.27241548260656545,
    0.26800587947084764,
    0.26751592356687903,
    0.26310632043116133,
    0.2709456148946594,
    0.27241548260656545,
    0.2670259676629104,
    0.26800587947084764,
    0.26800587947084764,
    0.26898579127878497,
    0.26457618814306716,
    0.26359627633512983,
    0.26751592356687903,
    0.2699657030867222,
    0.25967662910338074
  ]
}