{
  "E_in": [
    0.0,
    0.0,
    0.0,
    0.0,
    0.0,
    0.0,
    0.0,
    0.0,
    0.0,
    0.0,
    0.0,
    0.0,
    0.0,
    0.0,
    0.0,
    0.0,
    0.0,
    0.0,
    0.0,
    0.0,
    0.0,
    0.0,
    0.0,
    0.0,
    0.0,
    0.0,
    0.0,
    0.0,
    0.0,
    0.0,
    0.0,
    0.0,
    0.0,
    0.0,
    0.0,
    0.011627906976744207,
    0.011494252873563204,
    0.0,
    0.0,
    0.0,
    0.0,
    0.0,
    0.0,
    0.0,
    0.0,
    0.0,
    0.0,
    0.010204081632652962,
    0.010101010101010055,
    0.010000000000000009,
    0.01980198019801971,
    0.019607843137254943,
    0.009708737864077666,
    0.009615384615384581,
    0.01904761904761909,
    0.018867924528301883,
    0.01869158878504673,
    0.01851851851851849,
    0.01834862385321101,
    0.018181818181818077,
    0.018018018018018056,
    0.017857142857142905,
    0.017699115044247815,
    0.01754385964912286,
    0.017391304347826098,
    0.017241379310344862,
    0.017094017094017144,
    0.016949152542372836,
    0.03361344537815125,
    0.01666666666666672,
    0.016528925619834656,
    0.016393442622950838,
    0.016260162601625994,
    0.016129032258064502,
    0.015999999999999903,
    0.015873015873015928,
    0.015748031496062964,
    0.03125,
    0.023255813953488524,
    0.023076923076923106,
    0.022900763358778664,
    0.022727272727272707,
    0.022556390977443663,
    0.02238805970149249,
    0.014814814814814836,
    0.022058823529411686,
    0.014598540145985384,
    0.014492753623188248,
    0.02877697841726634,
    0.014285714285714124,
    0.014184397163120699,
    0.028169014084507005,
    0.013986013986013957,
    0.0277777777777779,
    0.01379310344827589,
    0.02739726027397249,
    0.013605442176870763,
    0.020270270270270285,
    0.02684563758389258,
    0.026666666666666616
  ],
  "E_out": [
    0.35815776580107794,
    0.3561979421852033,
    0.3165115139637432,
    0.3184713375796179,
    0.3204311611954924,
    0.31357177853993146,
    0.3042626163645272,
    0.30671239588437027,
    0.30083292503674675,
    0.30132288094071535,
    0.300342969132778,
    0.2993630573248409,
    0.2910338069573739,
    0.2905438510534052,
    0.2905438510534052,
    0.2920137187653111,
    0.2871141597256248,
    0.28858402743753064,
    0.2944634982851544,
    0.2959333659970602,
    0.29299363057324834,
    0.2959333659970602,
    0.2959333659970602,
    0.2959333659970602,
    0.2959333659970602,
    0.29299363057324834,
    0.2944634982851544,
    0.28515433610975005,
    0.2876041156295933,
    0.29348358647721706,
    0.2905438510534052,
    0.2871141597256248,
    0.29299363057324834,
    0.28858402743753064,
    0.2920137187653111,
    0.28907398334149936,
    0.2827045565899069,
    0.2831945124938755,
    0.2787849093581578,
    0.28466438020578133,
    0.2861342479176874,
    0.2778049975502205,
    0.2787849093581578,
    0.2778049975502205,
    0.2787849093581578,
    0.2787849093581578,
    0.279764821166095,
    0.28172464478196957,
    0.28074473297403235,
    0.2792748652621264,
    0.2827045565899069,
    0.28515433610975005,
    0.2748652621264085,
    0.2738853503184714,
    0.2699657030867222,
    0.27290543851053395,
    0.2738853503184714,
    0.2738853503184714,
    0.27437530622244,
    0.27192552670259673,
    0.2738853503184714,
    0.28123468887800096,
    0.2714355707986281,
    0.2655560999510044,
    0.277315041646252,
    0.27584517393434593,
    0.26849583537481625,
    0.26849583537481625,
    0.2665360117589417,
    0.2714355707986281,
    0.26800587947084764,
    0.26898579127878497,
    0.2709456148946594,
    0.27192552670259673,
    0.2660460558549731,
    0.26849583537481625,
    0.26849583537481625,
    0.28074473297403235,
    0.27437530622244,
    0.2714355707986281,
    0.2665360117589417,
    0.27192552670259673,
    0.26849583537481625,
    0.2699657030867222,
    0.27339539441450267,
    0.2778049975502205,
    0.27339539441450267,
    0.2709456148946594,
    0.26016658500734935,
    0.26849583537481625,
    0.26898579127878497,
    0.2787849093581578,
    0.2670259676629104,
    0.2753552180303772,
    0.26898579127878497,
    0.2714355707986281,
    0.2670259676629104,
    0.2699657030867222,
    0.27192552670259673,
    0.2660460558549731
  ]
}