{
  "E_in": [
    0.0,
    0.0,
    0.0,
    0.0,
    0.0,
    0.0,
    0.0,
    0.0,
    0.016949152542372836,
    0.0,
    0.0,
    0.0,
    0.015873015873015928,
    0.0,
    0.01538461538461533,
    0.015151515151515138,
    0.01492537313432829,
    0.014705882352941124,
    0.014492753623188248,
    0.0,
    0.014084507042253502,
    0.0277777777777779,
    0.013698630136986356,
    0.013513513513513598,
    0.026666666666666616,
    0.026315789473684292,
    0.02597402597402587,
    0.02564102564102566,
    0.012658227848101222,
    0.012499999999999956,
    0.012345679012345734,
    0.012195121951219523,
    0.012048192771084376,
    0.011904761904761862,
    0.0117647058823529,
    0.011627906976744207,
    0.02298850574712641,
    0.011363636363636354,
    0.011235955056179803,
    0.011111111111111183,
    0.02197802197802201,
    0.021739130434782705,
    0.021505376344086113,
    0.021276595744680882,
    0.021052631578947212,
    0.02083333333333348,
    0.020618556701030966,
    0.020408163265306145,
    0.02020202020202022,
    0.020000000000000018,
    0.06930693069306926,
    0.019607843137254943,
    0.01941747572815533,
    0.019230769230769384,
    0.01904761904761909,
    0.018867924528301883,
    0.01869158878504673,
    0.01851851851851849,
    0.02752293577981646,
    0.018181818181818077,
    0.027027027027026973,
    0.017857142857142905,
    0.026548672566371723,
    0.01754385964912286,
    0.034782608695652195,
    0.034482758620689724,
    0.02564102564102566,
    0.03389830508474578,
    0.03361344537815125,
    0.033333333333333326,
    0.03305785123966942,
    0.032786885245901676,
    0.04065040650406504,
    0.024193548387096753,
    0.02400000000000002,
    0.031746031746031744,
    0.03937007874015752,
    0.0390625,
    0.03100775193798455,
    0.038461538461538436,
    0.022900763358778664,
    0.030303030303030276,
    0.022556390977443663,
    0.02985074626865669,
    0.022222222222222254,
    0.02941176470588236,
    0.029197080291970767,
    0.036231884057971064,
    0.02877697841726634,
    0.02857142857142858,
    0.03546099290780147,
    0.035211267605633756,
    0.03496503496503489,
    0.0347222222222221,
    0.034482758620689724,
    0.020547945205479423,
    0.027210884353741527,
    0.027027027027026973,
    0.02684563758389258,
    0.026666666666666616
  ],
  "E_out": [
    0.3655071043606075,
    0.3615874571288584,
    0.46888780009799114,
    0.5071043606075454,
    0.45222929936305734,
    0.4424301812836845,
    0.37971582557569816,
    0.38804507594316506,
    0.4796668299853013,
    0.4135227829495346,
    0.3699167074963253,
    0.34982851543361093,
    0.41646251837334636,
    0.3527682508574227,
    0.3640372366487016,
    0.3723664870161686,
    0.3846153846153846,
    0.34688878000979917,
    0.3312101910828027,
    0.32533072023517884,
    0.3238608525232729,
    0.31749142577168055,
    0.31749142577168055,
    0.3027927486526213,
    0.3111219990200883,
    0.3106320431161196,
    0.3037726604605585,
    0.2983831455169035,
    0.29299363057324834,
    0.3032827045565899,
    0.30181283684468396,
    0.29299363057324834,
    0.3027927486526213,
    0.30475257226849584,
    0.3027927486526213,
    0.29789318961293487,
    0.30573248407643316,
    0.2959333659970602,
    0.28956393924546786,
    0.28858402743753064,
    0.300342969132778,
    0.300342969132778,
    0.3037726604605585,
    0.3076923076923077,
    0.2915237628613425,
    0.2993630573248409,
    0.2876041156295933,
    0.2954434100930916,
    0.28907398334149936,
    0.29740323370896615,
    0.28025477707006374,
    0.29397354238118567,
    0.2910338069573739,
    0.28564429201371877,
    0.28564429201371877,
    0.28123468887800096,
    0.28074473297403235,
    0.279764821166095,
    0.2748652621264085,
    0.2787849093581578,
    0.27290543851053395,
    0.2787849093581578,
    0.27633512983831454,
    0.2753552180303772,
    0.27437530622244,
    0.2748652621264085,
    0.28123468887800096,
    0.277315041646252,
    0.27633512983831454,
    0.27682508574228304,
    0.2748652621264085,
    0.2782949534541891,
    0.28172464478196957,
    0.2822146006859383,
    0.28025477707006374,
    0.2822146006859383,
    0.2827045565899069,
    0.28123468887800096,
    0.27682508574228304,
    0.2778049975502205,
    0.2753552180303772,
    0.2738853503184714,
    0.27584517393434593,
    0.27241548260656545,
    0.2753552180303772,
    0.27192552670259673,
    0.2714355707986281,
    0.27339539441450267,
    0.2694757471827536,
    0.2704556589906908,
    0.2709456148946594,
    0.26849583537481625,
    0.27241548260656545,
    0.2704556589906908,
    0.2704556589906908,
    0.2738853503184714,
    0.27633512983831454,
    0.27682508574228304,
    0.27339539441450267,
    0.27192552670259673
  ]
}