{
  "E_in": [
    0.04881656804733725
  ],
  "E_out": [
    0.2549203373945642
  ],
  "durations": [
    149.17501282691956
  ]
}