{
  "E_in": [
    0.04881656804733725
  ],
  "E_out": [
    0.2764761012183693
  ],
  "durations": [
    153.15802311897278
  ]
}