{
  "E_in": [
    0.04844674556213002
  ],
  "E_out": [
    0.2642924086223055
  ],
  "durations": [
    144.8426902294159
  ]
}