{
  "E_in": [
    0.049186390532544366
  ],
  "E_out": [
    0.28303655107778825
  ],
  "durations": [
    147.42101502418518
  ]
}