{
  "E_in": [
    0.04881656804733725
  ],
  "E_out": [
    0.26054358013120904
  ],
  "durations": [
    148.1981508731842
  ]
}