{
  "E_in": [
    0.04844674556213002
  ],
  "E_out": [
    0.2717900656044986
  ],
  "durations": [
    150.49516820907593
  ]
}