{
  "E_in": [
    0.04881656804733725
  ],
  "E_out": [
    0.2933458294283037
  ],
  "durations": [
    153.0145890712738
  ]
}