{
  "E_ins": [
    {
      "avg": 0.04870562130177508,
      "min": 0.04807692307692302,
      "max": 0.049186390532544366,
      "stdev": 0.0003508444149595518
    }
  ],
  "E_outs": [
    {
      "avg": 0.26954076850984066,
      "min": 0.2549203373945642,
      "max": 0.2933458294283037,
      "stdev": 0.011889362918234293
    }
  ],
  "durations": [
    {
      "avg": 152.09519045352937,
      "min": 144.8426902294159,
      "max": 166.76717805862427,
      "stdev": 6.032446963821047
    }
  ]
}