{
  "E_ins": [
    [
      0.04807692307692302
    ],
    [
      0.04881656804733725
    ],
    [
      0.04881656804733725
    ],
    [
      0.04881656804733725
    ],
    [
      0.049186390532544366
    ],
    [
      0.049186390532544366
    ],
    [
      0.04844674556213002
    ],
    [
      0.04844674556213002
    ],
    [
      0.04881656804733725
    ],
    [
      0.04844674556213002
    ]
  ],
  "E_outs": [
    [
      0.2642924086223055
    ],
    [
      0.2549203373945642
    ],
    [
      0.2764761012183693
    ],
    [
      0.2933458294283037
    ],
    [
      0.2680412371134021
    ],
    [
      0.28303655107778825
    ],
    [
      0.2717900656044986
    ],
    [
      0.2642924086223055
    ],
    [
      0.26054358013120904
    ],
    [
      0.2586691658856607
    ]
  ]
}