{
  "E_in": [
    0.04807692307692302
  ],
  "E_out": [
    0.2642924086223055
  ],
  "durations": [
    155.11127495765686
  ]
}