{
  "E_in": [
    0.049186390532544366
  ],
  "E_out": [
    0.2549203373945642
  ],
  "durations": [
    182.16995525360107
  ]
}