{
  "E_in": [
    0.04955621301775148
  ],
  "E_out": [
    0.267104029990628
  ],
  "durations": [
    169.0163857936859
  ]
}