{
  "E_in": [
    0.04844674556213002
  ],
  "E_out": [
    0.26897844423617623
  ],
  "durations": [
    180.43076300621033
  ]
}