{
  "E_in": [
    0.049186390532544366
  ],
  "E_out": [
    0.2680412371134021
  ],
  "durations": [
    161.19825530052185
  ]
}