{
  "E_in": [
    0.04881656804733725
  ],
  "E_out": [
    0.2633552014995314
  ],
  "durations": [
    162.00780296325684
  ]
}