{
  "E_ins": [
    {
      "avg": 0.04881656804733721,
      "min": 0.04844674556213002,
      "max": 0.04955621301775148,
      "stdev": 0.00038982712773285184
    }
  ],
  "E_outs": [
    {
      "avg": 0.2703842549203374,
      "min": 0.2549203373945642,
      "max": 0.29240862230552944,
      "stdev": 0.011291952247377557
    }
  ],
  "durations": [
    {
      "avg": 173.50798676013946,
      "min": 161.19825530052185,
      "max": 182.16995525360107,
      "stdev": 8.644536328490572
    }
  ]
}