{
  "E_in": [
    0.04844674556213002
  ],
  "E_out": [
    0.2586691658856607
  ],
  "durations": [
    164.51801896095276
  ]
}