{
  "E_in": [
    0.04844674556213002
  ],
  "E_out": [
    0.282099343955014
  ],
  "durations": [
    181.7191162109375
  ]
}