{
  "E_ins": [
    [
      0.04955621301775148
    ],
    [
      0.049186390532544366
    ],
    [
      0.04881656804733725
    ],
    [
      0.04844674556213002
    ],
    [
      0.04881656804733725
    ],
    [
      0.04844674556213002
    ],
    [
      0.04844674556213002
    ],
    [
      0.049186390532544366
    ],
    [
      0.04881656804733725
    ],
    [
      0.04844674556213002
    ]
  ],
  "E_outs": [
    [
      0.267104029990628
    ],
    [
      0.2549203373945642
    ],
    [
      0.27928772258669166
    ],
    [
      0.29240862230552944
    ],
    [
      0.26897844423617623
    ],
    [
      0.282099343955014
    ],
    [
      0.26897844423617623
    ],
    [
      0.2680412371134021
    ],
    [
      0.2633552014995314
    ],
    [
      0.2586691658856607
    ]
  ]
}