{
  "E_in": [
    0.04881656804733725
  ],
  "E_out": [
    0.27928772258669166
  ],
  "durations": [
    181.74812412261963
  ]
}