{
  "E_in": [
    0.04881656804733725
  ],
  "E_out": [
    0.26897844423617623
  ],
  "durations": [
    173.3350691795349
  ]
}