{
  "E_in": [
    0.04844674556213002
  ],
  "E_out": [
    0.29240862230552944
  ],
  "durations": [
    178.93637681007385
  ]
}