{
  "E_in": [
    0.049186390532544366
  ],
  "E_out": [
    0.26522961574507964
  ],
  "durations": [
    0.0007371902465820312
  ]
}