{
  "E_in": [
    0.04881656804733725
  ],
  "E_out": [
    0.2642924086223055
  ],
  "durations": [
    0.0008220672607421875
  ]
}