{
  "E_in": [
    0.04844674556213002
  ],
  "E_out": [
    0.26991565135895035
  ],
  "durations": [
    0.0006909370422363281
  ]
}