{
  "E_in": [
    0.04844674556213002
  ],
  "E_out": [
    0.2624179943767573
  ],
  "durations": [
    0.0006930828094482422
  ]
}