{
  "E_ins": [
    [
      0.04844674556213002
    ],
    [
      0.04881656804733725
    ],
    [
      0.04844674556213002
    ],
    [
      0.04844674556213002
    ],
    [
      0.04881656804733725
    ],
    [
      0.049186390532544366
    ],
    [
      0.04881656804733725
    ],
    [
      0.049186390532544366
    ],
    [
      0.049186390532544366
    ],
    [
      0.04844674556213002
    ]
  ],
  "E_outs": [
    [
      0.2624179943767573
    ],
    [
      0.2642924086223055
    ],
    [
      0.26991565135895035
    ],
    [
      0.2624179943767573
    ],
    [
      0.2764761012183693
    ],
    [
      0.2895970009372071
    ],
    [
      0.25773195876288657
    ],
    [
      0.2717900656044986
    ],
    [
      0.26522961574507964
    ],
    [
      0.27085285848172447
    ]
  ]
}