{
  "E_in": [
    0.04881656804733725
  ],
  "E_out": [
    0.25773195876288657
  ],
  "durations": [
    0.0007278919219970703
  ]
}