{
  "E_in": [
    0.049186390532544366
  ],
  "E_out": [
    0.2895970009372071
  ],
  "durations": [
    0.0007898807525634766
  ]
}