{
  "E_in": [
    0.049186390532544366
  ],
  "E_out": [
    0.2717900656044986
  ],
  "durations": [
    0.0008137226104736328
  ]
}