{
  "E_in": [
    0.04844674556213002
  ],
  "E_out": [
    0.27085285848172447
  ],
  "durations": [
    0.0007860660552978516
  ]
}