{
  "E_ins": [
    {
      "avg": 0.04877958579881649,
      "min": 0.04844674556213002,
      "max": 0.049186390532544366,
      "stdev": 0.0003238147321638638
    }
  ],
  "E_outs": [
    {
      "avg": 0.26907216494845365,
      "min": 0.25773195876288657,
      "max": 0.2895970009372071,
      "stdev": 0.009080650922934938
    }
  ],
  "durations": [
    {
      "avg": 0.001121187210083008,
      "min": 0.0006909370422363281,
      "max": 0.003504037857055664,
      "stdev": 0.0008838710582130146
    }
  ]
}