{
  "E_in": [
    0.04881656804733725
  ],
  "E_out": [
    0.27085285848172447
  ],
  "durations": [
    50.49900484085083
  ]
}