{
  "E_in": [
    0.04844674556213002
  ],
  "E_out": [
    0.26522961574507964
  ],
  "durations": [
    48.20516490936279
  ]
}