{
  "E_in": [
    0.04881656804733725
  ],
  "E_out": [
    0.2867853795688847
  ],
  "durations": [
    50.18260407447815
  ]
}