{
  "E_in": [
    0.049186390532544366
  ],
  "E_out": [
    0.26148078725398316
  ],
  "durations": [
    48.1174590587616
  ]
}