{
  "E_in": [
    0.04807692307692302
  ],
  "E_out": [
    0.2736644798500468
  ],
  "durations": [
    49.790961027145386
  ]
}