{
  "E_ins": [
    [
      0.049186390532544366
    ],
    [
      0.04844674556213002
    ],
    [
      0.04881656804733725
    ],
    [
      0.049186390532544366
    ],
    [
      0.04807692307692302
    ],
    [
      0.04881656804733725
    ],
    [
      0.04844674556213002
    ],
    [
      0.049186390532544366
    ],
    [
      0.04844674556213002
    ],
    [
      0.04881656804733725
    ]
  ],
  "E_outs": [
    [
      0.26148078725398316
    ],
    [
      0.26522961574507964
    ],
    [
      0.27085285848172447
    ],
    [
      0.26616682286785376
    ],
    [
      0.2736644798500468
    ],
    [
      0.2867853795688847
    ],
    [
      0.25585754451733833
    ],
    [
      0.2717900656044986
    ],
    [
      0.26616682286785376
    ],
    [
      0.2717900656044986
    ]
  ]
}