{
  "E_ins": [
    {
      "avg": 0.04874260355029579,
      "min": 0.04807692307692302,
      "max": 0.049186390532544366,
      "stdev": 0.0003819510203360821
    }
  ],
  "E_outs": [
    {
      "avg": 0.26897844423617623,
      "min": 0.25585754451733833,
      "max": 0.2867853795688847,
      "stdev": 0.008277189190560304
    }
  ],
  "durations": [
    {
      "avg": 49.91943681240082,
      "min": 47.478594064712524,
      "max": 55.19046497344971,
      "stdev": 2.507056697334072
    }
  ]
}