{
  "E_in": [
    0.04844674556213002
  ],
  "E_out": [
    0.26616682286785376
  ],
  "durations": [
    55.19046497344971
  ]
}