{
  "E_in": [
    0.049186390532544366
  ],
  "E_out": [
    0.26616682286785376
  ],
  "durations": [
    47.478594064712524
  ]
}