{
  "E_in": [
    0.049186390532544366
  ],
  "E_out": [
    0.2717900656044986
  ],
  "durations": [
    53.0913200378418
  ]
}