{
  "E_in": [
    0.04881656804733725
  ],
  "E_out": [
    0.2717900656044986
  ],
  "durations": [
    49.039793252944946
  ]
}