{
  "E_in": [
    0.04844674556213002
  ],
  "E_out": [
    0.25585754451733833
  ],
  "durations": [
    47.59900188446045
  ]
}