{
  "E_in": [
    0.2727272727272727,
    1.0,
    0.23076923076923062,
    0.2857142857142857,
    0.0,
    0.3125,
    0.0,
    0.0,
    0.0,
    0.8,
    0.0,
    0.0,
    0.0,
    0.0,
    0.0,
    1.0,
    0.0,
    0.0,
    0.0,
    0.0,
    0.0,
    0.0,
    0.7878787878787878,
    0.4411764705882353,
    0.0,
    0.0,
    0.0,
    0.0,
    0.46153846153846156,
    0.0,
    0.0,
    0.0,
    0.0,
    0.0,
    0.0,
    0.4782608695652174,
    1.0,
    0.0,
    0.0,
    0.0,
    0.9607843137254902,
    0.0,
    0.0,
    0.0,
    0.0,
    0.0,
    0.0,
    0.10344827586206895,
    0.0,
    0.4,
    0.0,
    0.4032258064516129,
    0.015873015873015928,
    0.03125,
    0.4,
    0.0,
    0.0,
    0.3970588235294118,
    0.4057971014492754,
    0.41428571428571426,
    0.4084507042253521,
    0.0,
    0.3972602739726028,
    0.3918918918918919,
    0.013333333333333308,
    0.013157894736842146,
    0.0,
    0.0,
    0.03797468354430378,
    0.0,
    0.37037037037037035,
    0.012195121951219523,
    0.0,
    0.0,
    0.3764705882352941,
    0.011627906976744207,
    0.3908045977011494,
    0.3977272727272727,
    0.4044943820224719,
    0.011111111111111183,
    0.01098901098901095,
    0.010869565217391353,
    0.4193548387096774,
    0.010638297872340385,
    0.010526315789473717,
    0.010416666666666519,
    0.010309278350515427,
    0.020408163265306145,
    0.010101010101010055,
    0.010000000000000009,
    0.0,
    0.009803921568627305,
    0.0,
    0.009615384615384581,
    0.00952380952380949,
    0.018867924528301883,
    0.03738317757009346,
    0.01851851851851849,
    0.07339449541284404,
    0.018181818181818077
  ],
  "E_out": [
    0.732905982905983,
    0.73005698005698,
    0.7336182336182336,
    0.7336182336182336,
    0.6666666666666667,
    0.7336182336182336,
    0.6873219373219372,
    0.7293447293447293,
    0.6445868945868947,
    0.732905982905983,
    0.4992877492877493,
    0.45940170940170943,
    0.4145299145299145,
    0.49857549857549854,
    0.43803418803418803,
    0.7122507122507122,
    0.7029914529914529,
    0.5028490028490029,
    0.7165242165242165,
    0.7264957264957265,
    0.5391737891737891,
    0.7015669515669516,
    0.7307692307692308,
    0.7336182336182336,
    0.7243589743589743,
    0.5142450142450142,
    0.6225071225071226,
    0.5954415954415955,
    0.7336182336182336,
    0.46225071225071224,
    0.45014245014245013,
    0.4665242165242165,
    0.4394586894586895,
    0.4337606837606838,
    0.41025641025641024,
    0.7336182336182336,
    0.6673789173789173,
    0.5754985754985755,
    0.5071225071225072,
    0.561965811965812,
    0.7015669515669516,
    0.4672364672364673,
    0.4601139601139601,
    0.4964387464387464,
    0.5391737891737891,
    0.4914529914529915,
    0.5754985754985755,
    0.7293447293447293,
    0.5769230769230769,
    0.7336182336182336,
    0.5826210826210827,
    0.7336182336182336,
    0.688034188034188,
    0.7229344729344729,
    0.732905982905983,
    0.6438746438746439,
    0.5391737891737891,
    0.7336182336182336,
    0.7336182336182336,
    0.7336182336182336,
    0.7307692307692308,
    0.5683760683760684,
    0.7336182336182336,
    0.7336182336182336,
    0.7150997150997151,
    0.712962962962963,
    0.6075498575498577,
    0.5633903133903133,
    0.7264957264957265,
    0.5925925925925926,
    0.7336182336182336,
    0.7051282051282051,
    0.5284900284900285,
    0.5676638176638177,
    0.7343304843304843,
    0.6495726495726496,
    0.7343304843304843,
    0.7336182336182336,
    0.7336182336182336,
    0.6032763532763532,
    0.650997150997151,
    0.6267806267806268,
    0.7336182336182336,
    0.6225071225071226,
    0.5256410256410258,
    0.6702279202279202,
    0.6353276353276354,
    0.688034188034188,
    0.5455840455840456,
    0.6438746438746439,
    0.5135327635327636,
    0.5854700854700854,
    0.5149572649572649,
    0.6047008547008548,
    0.5975783475783476,
    0.6331908831908832,
    0.7015669515669516,
    0.7029914529914529,
    0.7286324786324787,
    0.638888888888889
  ]
}