{
  "E_in": [
    0.9090909090909091,
    0.16666666666666652,
    1.0,
    1.0,
    1.0,
    1.0,
    0.0,
    1.0,
    1.0,
    0.44999999999999996,
    1.0,
    0.0,
    1.0,
    1.0,
    0.43999999999999995,
    0.0,
    0.0,
    0.0,
    1.0,
    0.0,
    1.0,
    0.46875,
    1.0,
    1.0,
    1.0,
    0.0277777777777779,
    0.43243243243243246,
    0.42105263157894735,
    0.41025641025641024,
    0.0,
    0.8292682926829268,
    0.0,
    1.0,
    0.0,
    0.9111111111111111,
    0.0,
    0.021276595744680882,
    0.02083333333333348,
    0.0,
    0.0,
    0.0,
    0.0,
    0.0,
    0.0,
    0.036363636363636376,
    0.0,
    0.0,
    0.9827586206896551,
    0.44067796610169496,
    0.0,
    0.9508196721311475,
    0.4354838709677419,
    0.9523809523809523,
    0.03125,
    0.0,
    0.4545454545454546,
    0.9104477611940298,
    0.0,
    0.9710144927536232,
    0.9714285714285714,
    0.46478873239436624,
    0.0,
    0.9726027397260274,
    0.472972972972973,
    0.9733333333333334,
    0.631578947368421,
    0.935064935064935,
    0.9615384615384616,
    0.9367088607594937,
    0.0,
    0.06172839506172845,
    0.0,
    0.45783132530120485,
    0.0,
    0.0,
    0.09302325581395354,
    0.0,
    0.0,
    0.9213483146067416,
    0.9777777777777777,
    0.0,
    0.0,
    0.11827956989247312,
    0.021276595744680882,
    0.06315789473684208,
    0.0,
    0.07216494845360832,
    0.7142857142857143,
    0.43434343434343436,
    0.43000000000000005,
    0.03960396039603964,
    0.9803921568627451,
    0.912621359223301,
    0.41346153846153844,
    0.6952380952380952,
    0.6886792452830188,
    0.4112149532710281,
    0.41666666666666663,
    0.4128440366972477,
    0.4181818181818182
  ],
  "E_out": [
    0.5220797720797721,
    0.2678062678062677,
    0.5612535612535613,
    0.45940170940170943,
    0.4109686609686609,
    0.3967236467236467,
    0.37891737891737887,
    0.5398860398860399,
    0.5961538461538461,
    0.7321937321937322,
    0.698005698005698,
    0.6716524216524217,
    0.6168091168091168,
    0.5712250712250713,
    0.7321937321937322,
    0.5726495726495726,
    0.646011396011396,
    0.6652421652421652,
    0.5235042735042735,
    0.6616809116809117,
    0.5683760683760684,
    0.7321937321937322,
    0.5605413105413106,
    0.5982905982905983,
    0.611111111111111,
    0.7193732193732194,
    0.7321937321937322,
    0.7321937321937322,
    0.7321937321937322,
    0.6809116809116809,
    0.7115384615384616,
    0.655982905982906,
    0.6324786324786325,
    0.6339031339031338,
    0.6581196581196581,
    0.646011396011396,
    0.7222222222222222,
    0.6915954415954416,
    0.6225071225071226,
    0.636039886039886,
    0.6331908831908832,
    0.6011396011396011,
    0.5555555555555556,
    0.5405982905982907,
    0.7186609686609686,
    0.5448717948717949,
    0.5633903133903133,
    0.5975783475783476,
    0.7321937321937322,
    0.6374643874643875,
    0.6054131054131053,
    0.7321937321937322,
    0.6225071225071226,
    0.6958689458689459,
    0.6118233618233619,
    0.7321937321937322,
    0.670940170940171,
    0.5762108262108262,
    0.5719373219373219,
    0.5398860398860399,
    0.7321937321937322,
    0.5826210826210827,
    0.5968660968660968,
    0.7321937321937322,
    0.5776353276353277,
    0.7207977207977208,
    0.6517094017094017,
    0.641025641025641,
    0.6502849002849003,
    0.6274928774928774,
    0.7058404558404558,
    0.5405982905982907,
    0.7321937321937322,
    0.5626780626780628,
    0.6467236467236468,
    0.712962962962963,
    0.650997150997151,
    0.6431623931623932,
    0.6538461538461539,
    0.5726495726495726,
    0.6417378917378918,
    0.6887464387464388,
    0.7165242165242165,
    0.6987179487179487,
    0.7086894586894588,
    0.6538461538461539,
    0.7150997150997151,
    0.7051282051282051,
    0.7236467236467237,
    0.7321937321937322,
    0.6944444444444444,
    0.5876068376068376,
    0.6381766381766381,
    0.7321937321937322,
    0.7022792022792023,
    0.7044159544159544,
    0.7321937321937322,
    0.7321937321937322,
    0.7321937321937322,
    0.7215099715099715
  ]
}