{
  "E_in": [
    0.0,
    0.0,
    0.3846153846153846,
    0.3571428571428571,
    0.9333333333333333,
    0.375,
    0.8235294117647058,
    0.0,
    0.0,
    0.9,
    0.9047619047619048,
    0.31818181818181823,
    0.782608695652174,
    0.0,
    0.0,
    0.3846153846153846,
    0.0,
    0.0,
    0.34482758620689646,
    0.0,
    0.3548387096774194,
    0.34375,
    0.0,
    0.3529411764705883,
    0.9142857142857143,
    0.36111111111111116,
    0.3513513513513513,
    0.8421052631578947,
    0.9743589743589743,
    0.375,
    0.7804878048780488,
    0.9523809523809523,
    0.39534883720930236,
    0.9318181818181819,
    0.4,
    0.3913043478260869,
    0.9574468085106383,
    0.9583333333333334,
    0.9591836734693877,
    0.96,
    0.37254901960784315,
    0.9038461538461539,
    0.9245283018867925,
    0.8888888888888888,
    0.38181818181818183,
    0.9464285714285714,
    0.9298245614035088,
    0.39655172413793105,
    0.9661016949152542,
    0.8333333333333334,
    0.9672131147540983,
    0.967741935483871,
    0.9682539682539683,
    0.921875,
    0.8923076923076922,
    0.9848484848484849,
    0.9701492537313433,
    0.9705882352941176,
    0.9710144927536232,
    0.9714285714285714,
    0.9859154929577465,
    0.9861111111111112,
    0.9726027397260274,
    0.972972972972973,
    0.9733333333333334,
    0.9736842105263158,
    0.974025974025974,
    0.9743589743589743,
    0.9620253164556962,
    0.9875,
    0.9753086419753086,
    0.9634146341463414,
    0.963855421686747,
    0.9761904761904762,
    0.9764705882352941,
    0.9651162790697675,
    0.9540229885057472,
    0.9431818181818182,
    0.898876404494382,
    0.38888888888888884,
    0.945054945054945,
    0.9021739130434783,
    0.946236559139785,
    0.9361702127659575,
    0.9473684210526316,
    0.9375,
    0.9484536082474226,
    0.9285714285714286,
    0.9494949494949495,
    0.96,
    0.9801980198019802,
    0.9509803921568627,
    0.9514563106796117,
    0.9423076923076923,
    0.9523809523809523,
    0.9622641509433962,
    0.9532710280373832,
    0.9814814814814815,
    0.9541284403669725,
    0.9454545454545454
  ],
  "E_out": [
    0.6032763532763532,
    0.3048433048433048,
    0.73005698005698,
    0.73005698005698,
    0.7293447293447293,
    0.73005698005698,
    0.7293447293447293,
    0.6930199430199431,
    0.73005698005698,
    0.7314814814814814,
    0.7293447293447293,
    0.73005698005698,
    0.732905982905983,
    0.6160968660968662,
    0.6823361823361823,
    0.73005698005698,
    0.7279202279202279,
    0.7307692307692308,
    0.73005698005698,
    0.7222222222222222,
    0.73005698005698,
    0.73005698005698,
    0.7293447293447293,
    0.7293447293447293,
    0.7115384615384616,
    0.73005698005698,
    0.73005698005698,
    0.717948717948718,
    0.6396011396011396,
    0.73005698005698,
    0.7122507122507122,
    0.6809116809116809,
    0.73005698005698,
    0.6923076923076923,
    0.73005698005698,
    0.73005698005698,
    0.6310541310541311,
    0.6075498575498577,
    0.6196581196581197,
    0.6032763532763532,
    0.7207977207977208,
    0.6951566951566952,
    0.6773504273504274,
    0.6987179487179487,
    0.73005698005698,
    0.6652421652421652,
    0.6759259259259259,
    0.73005698005698,
    0.5227920227920229,
    0.7037037037037037,
    0.5313390313390314,
    0.5413105413105412,
    0.5733618233618234,
    0.6339031339031338,
    0.650997150997151,
    0.52991452991453,
    0.5377492877492878,
    0.5363247863247863,
    0.5598290598290598,
    0.5876068376068376,
    0.4686609686609686,
    0.5,
    0.5876068376068376,
    0.5405982905982907,
    0.48575498575498577,
    0.5156695156695157,
    0.5071225071225072,
    0.561965811965812,
    0.5747863247863247,
    0.4508547008547008,
    0.5313390313390314,
    0.5413105413105412,
    0.5527065527065528,
    0.5242165242165242,
    0.4964387464387464,
    0.5548433048433048,
    0.5605413105413106,
    0.5890313390313391,
    0.6688034188034189,
    0.7229344729344729,
    0.5683760683760684,
    0.655982905982906,
    0.5626780626780628,
    0.5754985754985755,
    0.5705128205128205,
    0.579059829059829,
    0.561965811965812,
    0.6118233618233619,
    0.5854700854700854,
    0.5655270655270656,
    0.5391737891737891,
    0.5612535612535613,
    0.6004273504273504,
    0.6267806267806268,
    0.6032763532763532,
    0.5698005698005698,
    0.5804843304843305,
    0.5648148148148149,
    0.6153846153846153,
    0.6160968660968662
  ]
}