{
  "E_in": [
    1.0,
    1.0,
    1.0,
    1.0,
    0.19999999999999996,
    0.5625,
    1.0,
    0.3333333333333335,
    1.0,
    0.9,
    0.47619047619047616,
    0.31818181818181823,
    0.30434782608695654,
    0.9166666666666667,
    0.31999999999999995,
    0.9230769230769231,
    0.9259259259259259,
    0.9642857142857143,
    1.0,
    0.9666666666666667,
    0.935483870967742,
    0.875,
    0.9696969696969697,
    0.38235294117647056,
    0.9714285714285714,
    0.9722222222222222,
    0.972972972972973,
    0.5263157894736843,
    0.9743589743589743,
    0.44999999999999996,
    0.975609756097561,
    1.0,
    1.0,
    1.0,
    1.0,
    1.0,
    1.0,
    1.0,
    1.0,
    1.0,
    1.0,
    1.0,
    1.0,
    1.0,
    0.9818181818181818,
    0.017857142857142905,
    0.01754385964912286,
    0.4655172413793104,
    0.016949152542372836,
    0.9833333333333333,
    0.06557377049180313,
    0.967741935483871,
    0.0,
    0.0,
    0.4461538461538461,
    0.015151515151515138,
    0.4626865671641791,
    0.014705882352941124,
    0.4492753623188406,
    0.9285714285714286,
    0.07042253521126762,
    0.9305555555555556,
    0.17808219178082196,
    0.43243243243243246,
    0.05333333333333323,
    0.052631578947368474,
    0.4285714285714286,
    0.4358974358974359,
    0.430379746835443,
    0.9,
    0.9506172839506173,
    0.926829268292683,
    0.9036144578313253,
    0.9047619047619048,
    0.9529411764705882,
    0.41860465116279066,
    0.9655172413793104,
    0.9318181818181819,
    0.9438202247191011,
    0.9333333333333333,
    0.9120879120879121,
    0.9347826086956522,
    0.946236559139785,
    0.8936170212765957,
    0.9263157894736842,
    0.9375,
    0.8350515463917526,
    0.9183673469387755,
    0.9090909090909091,
    0.95,
    0.9108910891089109,
    0.9509803921568627,
    0.9223300970873787,
    0.9423076923076923,
    0.9523809523809523,
    0.9528301886792453,
    0.9532710280373832,
    0.9166666666666667,
    0.9541284403669725,
    0.9363636363636364
  ],
  "E_out": [
    0.6168091168091168,
    0.4173789173789174,
    0.49572649572649574,
    0.6524216524216524,
    0.26424501424501434,
    0.2706552706552706,
    0.603988603988604,
    0.2685185185185185,
    0.49572649572649574,
    0.2749287749287749,
    0.2678062678062677,
    0.2685185185185185,
    0.2685185185185185,
    0.2763532763532762,
    0.2685185185185185,
    0.2898860398860399,
    0.29772079772079774,
    0.33404558404558404,
    0.4601139601139601,
    0.35470085470085466,
    0.3354700854700855,
    0.3226495726495726,
    0.39173789173789175,
    0.2685185185185185,
    0.3810541310541311,
    0.46438746438746437,
    0.3988603988603988,
    0.2713675213675214,
    0.4366096866096866,
    0.2692307692307694,
    0.48931623931623935,
    0.5227920227920229,
    0.5263532763532763,
    0.5113960113960114,
    0.4843304843304843,
    0.50997150997151,
    0.5192307692307692,
    0.5519943019943019,
    0.5156695156695157,
    0.5534188034188035,
    0.5142450142450142,
    0.5854700854700854,
    0.5576923076923077,
    0.52991452991453,
    0.5740740740740741,
    0.5185185185185186,
    0.5698005698005698,
    0.7314814814814814,
    0.6695156695156695,
    0.5356125356125356,
    0.6901709401709402,
    0.5883190883190883,
    0.5776353276353277,
    0.561965811965812,
    0.7314814814814814,
    0.5876068376068376,
    0.7314814814814814,
    0.628917378917379,
    0.7314814814814814,
    0.621082621082621,
    0.6866096866096867,
    0.6267806267806268,
    0.7279202279202279,
    0.7314814814814814,
    0.7015669515669516,
    0.7022792022792023,
    0.7314814814814814,
    0.7314814814814814,
    0.7314814814814814,
    0.6481481481481481,
    0.5918803418803419,
    0.6025641025641025,
    0.6303418803418803,
    0.5997150997150997,
    0.5584045584045584,
    0.7314814814814814,
    0.5462962962962963,
    0.5968660968660968,
    0.613960113960114,
    0.6189458689458689,
    0.650997150997151,
    0.5997150997150997,
    0.5740740740740741,
    0.6531339031339032,
    0.6168091168091168,
    0.5968660968660968,
    0.6866096866096867,
    0.6339031339031338,
    0.6374643874643875,
    0.5897435897435898,
    0.6424501424501423,
    0.5961538461538461,
    0.6374643874643875,
    0.6153846153846153,
    0.6125356125356125,
    0.5876068376068376,
    0.6068376068376068,
    0.6452991452991452,
    0.6103988603988604,
    0.6160968660968662
  ]
}