{
  "E_in": [
    1.0,
    1.0,
    1.0,
    0.4285714285714286,
    1.0,
    1.0,
    0.4117647058823529,
    1.0,
    1.0,
    0.44999999999999996,
    0.0,
    1.0,
    1.0,
    1.0,
    0.48,
    1.0,
    1.0,
    1.0,
    1.0,
    1.0,
    1.0,
    1.0,
    1.0,
    1.0,
    0.4285714285714286,
    0.9722222222222222,
    0.45945945945945943,
    1.0,
    1.0,
    0.975,
    1.0,
    1.0,
    1.0,
    1.0,
    1.0,
    0.9347826086956522,
    1.0,
    1.0,
    1.0,
    1.0,
    1.0,
    1.0,
    1.0,
    1.0,
    1.0,
    1.0,
    1.0,
    1.0,
    1.0,
    1.0,
    1.0,
    1.0,
    1.0,
    0.984375,
    0.9846153846153847,
    0.9848484848484849,
    0.9850746268656716,
    0.9852941176470589,
    0.9855072463768116,
    0.9857142857142858,
    0.8873239436619718,
    0.9722222222222222,
    0.9726027397260274,
    0.9864864864864865,
    0.9866666666666667,
    0.9868421052631579,
    0.974025974025974,
    0.9743589743589743,
    0.9873417721518988,
    0.975,
    0.9876543209876543,
    0.9878048780487805,
    0.9879518072289156,
    0.9880952380952381,
    0.9882352941176471,
    0.9883720930232558,
    0.9885057471264368,
    0.9318181818181819,
    0.9662921348314607,
    0.9888888888888889,
    0.967032967032967,
    0.8695652173913043,
    0.967741935483871,
    0.9468085106382979,
    0.9157894736842105,
    0.9791666666666666,
    0.9381443298969072,
    0.9795918367346939,
    0.7171717171717171,
    0.96,
    0.9702970297029703,
    0.8627450980392157,
    0.8058252427184466,
    0.9711538461538461,
    0.8476190476190476,
    0.9245283018867925,
    0.9626168224299065,
    0.9444444444444444,
    0.9174311926605505,
    0.9181818181818182
  ],
  "E_out": [
    0.6809116809116809,
    0.6645299145299146,
    0.6987179487179487,
    0.2685185185185185,
    0.6517094017094017,
    0.3290598290598291,
    0.2685185185185185,
    0.5641025641025641,
    0.6260683760683761,
    0.2685185185185185,
    0.33689458689458684,
    0.6168091168091168,
    0.5911680911680912,
    0.5541310541310541,
    0.2685185185185185,
    0.6096866096866097,
    0.638888888888889,
    0.6602564102564102,
    0.6367521367521367,
    0.6317663817663818,
    0.6445868945868947,
    0.6346153846153847,
    0.6296296296296295,
    0.6146723646723646,
    0.7314814814814814,
    0.6773504273504274,
    0.7314814814814814,
    0.6168091168091168,
    0.603988603988604,
    0.698005698005698,
    0.5811965811965811,
    0.5455840455840456,
    0.5797720797720798,
    0.51994301994302,
    0.5505698005698005,
    0.7094017094017093,
    0.5455840455840456,
    0.5897435897435898,
    0.5690883190883191,
    0.5113960113960114,
    0.556980056980057,
    0.5455840455840456,
    0.49216524216524216,
    0.5284900284900285,
    0.5249287749287749,
    0.5227920227920229,
    0.5605413105413106,
    0.584045584045584,
    0.5662393162393162,
    0.5277777777777778,
    0.5519943019943019,
    0.6068376068376068,
    0.5284900284900285,
    0.5441595441595442,
    0.5576923076923077,
    0.556980056980057,
    0.636039886039886,
    0.6260683760683761,
    0.599002849002849,
    0.5883190883190883,
    0.6958689458689459,
    0.5683760683760684,
    0.5633903133903133,
    0.584045584045584,
    0.5968660968660968,
    0.5833333333333333,
    0.5662393162393162,
    0.5918803418803419,
    0.6481481481481481,
    0.6025641025641025,
    0.5918803418803419,
    0.621082621082621,
    0.6011396011396011,
    0.594017094017094,
    0.6068376068376068,
    0.6096866096866097,
    0.5819088319088319,
    0.6894586894586894,
    0.683048433048433,
    0.6296296296296295,
    0.6695156695156695,
    0.7172364672364673,
    0.6467236467236468,
    0.6680911680911681,
    0.6666666666666667,
    0.6118233618233619,
    0.6609686609686609,
    0.5997150997150997,
    0.7222222222222222,
    0.611111111111111,
    0.6296296296296295,
    0.7058404558404558,
    0.7143874643874644,
    0.6004273504273504,
    0.7058404558404558,
    0.6794871794871795,
    0.6203703703703705,
    0.638888888888889,
    0.6581196581196581,
    0.650997150997151
  ]
}