{
  "E_in": [
    1.0,
    1.0,
    1.0,
    1.0,
    1.0,
    1.0,
    0.23529411764705888,
    0.2222222222222221,
    1.0,
    1.0,
    0.19047619047619047,
    0.18181818181818177,
    1.0,
    1.0,
    0.19999999999999996,
    0.1923076923076923,
    0.18518518518518523,
    1.0,
    1.0,
    1.0,
    1.0,
    0.25,
    0.24242424242424254,
    1.0,
    0.9714285714285714,
    0.9722222222222222,
    0.972972972972973,
    1.0,
    0.9487179487179487,
    0.30000000000000004,
    1.0,
    0.9761904761904762,
    0.0,
    0.9772727272727273,
    0.3111111111111111,
    1.0,
    0.9787234042553191,
    1.0,
    0.2857142857142857,
    0.98,
    0.3137254901960784,
    0.9807692307692307,
    0.9811320754716981,
    0.962962962962963,
    0.9818181818181818,
    1.0,
    0.9298245614035088,
    0.9655172413793104,
    0.35593220338983056,
    0.9666666666666667,
    0.3770491803278688,
    0.3709677419354839,
    0.9523809523809523,
    0.96875,
    0.3846153846153846,
    0.9696969696969697,
    0.9701492537313433,
    0.9705882352941176,
    0.8840579710144928,
    0.37142857142857144,
    0.971830985915493,
    0.9722222222222222,
    0.3835616438356164,
    0.3783783783783784,
    0.0,
    0.9473684210526316,
    0.6883116883116883,
    0.3846153846153846,
    0.379746835443038,
    0.375,
    0.0,
    0.3780487804878049,
    0.891566265060241,
    0.38095238095238093,
    0.3764705882352941,
    0.37209302325581395,
    0.367816091954023,
    0.36363636363636365,
    0.3707865168539326,
    0.3666666666666667,
    0.7802197802197802,
    0.3586956521739131,
    0.3548387096774194,
    0.8617021276595744,
    0.35789473684210515,
    0.36458333333333337,
    0.3711340206185567,
    0.36734693877551017,
    0.3737373737373737,
    0.38,
    0.37623762376237624,
    0.37254901960784315,
    0.7961165048543689,
    0.375,
    0.37142857142857144,
    0.3679245283018868,
    0.8411214953271028,
    0.7592592592592593,
    0.3669724770642202,
    0.3727272727272727
  ],
  "E_out": [
    0.7222222222222222,
    0.7243589743589743,
    0.7186609686609686,
    0.7272079772079771,
    0.7257834757834758,
    0.7307692307692308,
    0.7350427350427351,
    0.7350427350427351,
    0.7065527065527066,
    0.7101139601139601,
    0.732905982905983,
    0.7257834757834758,
    0.7200854700854701,
    0.6894586894586894,
    0.7350427350427351,
    0.7336182336182336,
    0.7215099715099715,
    0.7143874643874644,
    0.690883190883191,
    0.6965811965811965,
    0.683048433048433,
    0.7314814814814814,
    0.7350427350427351,
    0.7222222222222222,
    0.698005698005698,
    0.6873219373219372,
    0.7094017094017093,
    0.683048433048433,
    0.7200854700854701,
    0.7350427350427351,
    0.6844729344729344,
    0.6766381766381766,
    0.7264957264957265,
    0.7150997150997151,
    0.7321937321937322,
    0.6566951566951567,
    0.7008547008547008,
    0.6396011396011396,
    0.7272079772079771,
    0.6915954415954416,
    0.7350427350427351,
    0.7108262108262109,
    0.650997150997151,
    0.7143874643874644,
    0.6225071225071226,
    0.6160968660968662,
    0.7158119658119658,
    0.670940170940171,
    0.7350427350427351,
    0.6823361823361823,
    0.7336182336182336,
    0.7307692307692308,
    0.6816239316239316,
    0.636039886039886,
    0.7350427350427351,
    0.6609686609686609,
    0.6196581196581197,
    0.6566951566951567,
    0.717948717948718,
    0.7350427350427351,
    0.6367521367521367,
    0.6858974358974359,
    0.7350427350427351,
    0.7350427350427351,
    0.6474358974358975,
    0.6915954415954416,
    0.7286324786324787,
    0.7350427350427351,
    0.7350427350427351,
    0.7350427350427351,
    0.6588319088319088,
    0.7350427350427351,
    0.7072649572649572,
    0.7314814814814814,
    0.7350427350427351,
    0.7350427350427351,
    0.7350427350427351,
    0.7350427350427351,
    0.7350427350427351,
    0.7350427350427351,
    0.7165242165242165,
    0.732905982905983,
    0.7350427350427351,
    0.6972934472934473,
    0.7350427350427351,
    0.7343304843304843,
    0.7336182336182336,
    0.7350427350427351,
    0.7350427350427351,
    0.7350427350427351,
    0.7350427350427351,
    0.7350427350427351,
    0.7094017094017093,
    0.7350427350427351,
    0.7350427350427351,
    0.7350427350427351,
    0.6937321937321937,
    0.7215099715099715,
    0.7279202279202279,
    0.7350427350427351
  ]
}