{
  "E_in": [
    0.2727272727272727,
    0.3333333333333335,
    0.0,
    0.0,
    0.0,
    0.0,
    0.0,
    0.0,
    0.0,
    0.0,
    0.0,
    0.0,
    0.0,
    0.0,
    0.0,
    0.0,
    0.0,
    0.0,
    0.0,
    0.0,
    0.0,
    0.0,
    0.0,
    0.0,
    0.0,
    0.0,
    0.45945945945945943,
    0.0,
    0.0,
    0.0,
    0.0,
    0.0,
    0.023255813953488524,
    0.022727272727272707,
    0.0,
    0.0,
    0.42553191489361697,
    0.0,
    0.4285714285714286,
    0.0,
    0.9803921568627451,
    0.0,
    0.0,
    0.38888888888888884,
    0.9818181818181818,
    0.9821428571428571,
    0.4035087719298246,
    0.4137931034482759,
    0.0,
    0.9833333333333333,
    0.4098360655737705,
    0.4032258064516129,
    0.39682539682539686,
    0.390625,
    0.3846153846153846,
    0.3787878787878788,
    0.3731343283582089,
    0.0,
    0.37681159420289856,
    0.0,
    0.0,
    0.0,
    0.3835616438356164,
    0.0,
    0.0,
    0.0,
    0.0,
    0.0,
    0.0,
    0.0,
    0.08641975308641969,
    0.0,
    0.0,
    0.0,
    0.0,
    0.0,
    0.0,
    0.0,
    0.0,
    0.0,
    0.0,
    0.0,
    0.0,
    0.0,
    0.4,
    0.0,
    0.0,
    0.020408163265306145,
    0.0,
    0.0,
    0.0,
    0.0,
    0.0,
    0.0,
    0.0,
    0.0,
    0.0,
    0.43518518518518523,
    0.06422018348623848,
    0.42727272727272725
  ],
  "E_out": [
    0.2621082621082621,
    0.2621082621082621,
    0.2991452991452992,
    0.30840455840455827,
    0.3725071225071225,
    0.3404558404558403,
    0.41381766381766383,
    0.39173789173789175,
    0.4052706552706553,
    0.4515669515669516,
    0.3846153846153846,
    0.34544159544159536,
    0.344017094017094,
    0.36396011396011396,
    0.36182336182336183,
    0.3717948717948718,
    0.3254985754985755,
    0.35185185185185186,
    0.37108262108262113,
    0.3846153846153846,
    0.38817663817663817,
    0.42806267806267806,
    0.4323361823361823,
    0.4145299145299145,
    0.4750712250712251,
    0.39814814814814814,
    0.7378917378917379,
    0.5178062678062678,
    0.5021367521367521,
    0.5185185185185186,
    0.5377492877492878,
    0.5598290598290598,
    0.707977207977208,
    0.688034188034188,
    0.6794871794871795,
    0.6673789173789173,
    0.7378917378917379,
    0.5413105413105412,
    0.7378917378917379,
    0.6566951566951567,
    0.6837606837606838,
    0.5911680911680912,
    0.599002849002849,
    0.7378917378917379,
    0.6716524216524217,
    0.6666666666666667,
    0.7378917378917379,
    0.7378917378917379,
    0.6346153846153847,
    0.6474358974358975,
    0.7378917378917379,
    0.7371794871794872,
    0.7378917378917379,
    0.7378917378917379,
    0.7378917378917379,
    0.7378917378917379,
    0.7378917378917379,
    0.7172364672364673,
    0.7378917378917379,
    0.7015669515669516,
    0.613960113960114,
    0.6595441595441596,
    0.7378917378917379,
    0.6495726495726496,
    0.6595441595441596,
    0.6595441595441596,
    0.6146723646723646,
    0.621082621082621,
    0.6032763532763532,
    0.6196581196581197,
    0.7336182336182336,
    0.5811965811965811,
    0.6638176638176638,
    0.6118233618233619,
    0.6246438746438747,
    0.6431623931623932,
    0.5982905982905983,
    0.6310541310541311,
    0.5968660968660968,
    0.6146723646723646,
    0.6132478632478633,
    0.6495726495726496,
    0.5897435897435898,
    0.5847578347578348,
    0.7378917378917379,
    0.6923076923076923,
    0.6274928774928774,
    0.6794871794871795,
    0.5854700854700854,
    0.5612535612535613,
    0.5626780626780628,
    0.641025641025641,
    0.6296296296296295,
    0.636039886039886,
    0.5655270655270656,
    0.594017094017094,
    0.5448717948717949,
    0.7378917378917379,
    0.6972934472934473,
    0.7378917378917379
  ]
}