{
  "E_in": [
    1.0,
    1.0,
    1.0,
    1.0,
    1.0,
    1.0,
    1.0,
    1.0,
    1.0,
    1.0,
    1.0,
    1.0,
    1.0,
    1.0,
    1.0,
    0.0,
    0.0,
    0.0,
    0.4137931034482759,
    0.0,
    0.0,
    0.375,
    0.0,
    0.3529411764705883,
    0.0,
    0.0,
    0.0,
    0.0,
    0.0,
    0.0,
    0.0,
    0.0,
    0.0,
    0.022727272727272707,
    0.0,
    0.0,
    0.0,
    0.0,
    0.0,
    0.0,
    0.0,
    0.0,
    0.0,
    0.0,
    0.0,
    0.0,
    0.0,
    0.0,
    0.0,
    0.0,
    0.0,
    0.0,
    0.0,
    0.0,
    0.0,
    0.3939393939393939,
    0.0,
    0.0,
    0.014492753623188248,
    0.0,
    0.0,
    0.01388888888888884,
    0.013698630136986356,
    0.013513513513513598,
    0.013333333333333308,
    0.026315789473684292,
    0.012987012987012991,
    0.012820512820512664,
    0.012658227848101222,
    0.012499999999999956,
    0.012345679012345734,
    0.012195121951219523,
    0.012048192771084376,
    0.011904761904761862,
    0.0117647058823529,
    0.011627906976744207,
    0.011494252873563204,
    0.011363636363636354,
    0.011235955056179803,
    0.011111111111111183,
    0.01098901098901095,
    0.010869565217391353,
    0.010752688172043001,
    0.010638297872340385,
    0.010526315789473717,
    0.010416666666666519,
    0.010309278350515427,
    0.010204081632652962,
    0.010101010101010055,
    0.020000000000000018,
    0.01980198019801971,
    0.009803921568627305,
    0.009708737864077666,
    0.028846153846153855,
    0.00952380952380949,
    0.0,
    0.0,
    0.12037037037037035,
    0.4036697247706422,
    0.0
  ],
  "E_out": [
    0.5762108262108262,
    0.6616809116809117,
    0.6894586894586894,
    0.7065527065527066,
    0.7207977207977208,
    0.7008547008547008,
    0.7108262108262109,
    0.7172364672364673,
    0.7086894586894588,
    0.7222222222222222,
    0.7051282051282051,
    0.7058404558404558,
    0.7008547008547008,
    0.7314814814814814,
    0.7371794871794872,
    0.4601139601139601,
    0.5220797720797721,
    0.5705128205128205,
    0.7321937321937322,
    0.6182336182336182,
    0.7257834757834758,
    0.7321937321937322,
    0.7072649572649572,
    0.7321937321937322,
    0.5876068376068376,
    0.6196581196581197,
    0.5982905982905983,
    0.6246438746438747,
    0.6011396011396011,
    0.6310541310541311,
    0.7029914529914529,
    0.6844729344729344,
    0.5726495726495726,
    0.7222222222222222,
    0.5341880341880343,
    0.5284900284900285,
    0.6467236467236468,
    0.49216524216524216,
    0.49501424501424507,
    0.6730769230769231,
    0.5883190883190883,
    0.6987179487179487,
    0.5256410256410258,
    0.5249287749287749,
    0.5427350427350428,
    0.5327635327635327,
    0.646011396011396,
    0.5498575498575499,
    0.5548433048433048,
    0.5527065527065528,
    0.5876068376068376,
    0.5484330484330484,
    0.5804843304843305,
    0.5719373219373219,
    0.628917378917379,
    0.7321937321937322,
    0.6239316239316239,
    0.599002849002849,
    0.6894586894586894,
    0.5712250712250713,
    0.5783475783475783,
    0.6274928774928774,
    0.6424501424501423,
    0.628917378917379,
    0.6025641025641025,
    0.6894586894586894,
    0.636039886039886,
    0.6004273504273504,
    0.6246438746438747,
    0.5961538461538461,
    0.6517094017094017,
    0.6232193732193732,
    0.6118233618233619,
    0.6445868945868947,
    0.6189458689458689,
    0.6260683760683761,
    0.6153846153846153,
    0.603988603988604,
    0.6396011396011396,
    0.6381766381766381,
    0.6146723646723646,
    0.6431623931623932,
    0.6438746438746439,
    0.6196581196581197,
    0.5847578347578348,
    0.6103988603988604,
    0.6346153846153847,
    0.6232193732193732,
    0.6096866096866097,
    0.6346153846153847,
    0.6310541310541311,
    0.6182336182336182,
    0.6232193732193732,
    0.6588319088319088,
    0.6196581196581197,
    0.6118233618233619,
    0.5804843304843305,
    0.7193732193732194,
    0.732905982905983,
    0.5911680911680912
  ]
}