{
  "E_in": [
    1.0,
    1.0,
    1.0,
    1.0,
    1.0,
    1.0,
    1.0,
    1.0,
    0.9473684210526316,
    0.95,
    0.9523809523809523,
    1.0,
    0.9565217391304348,
    0.9583333333333334,
    0.96,
    0.9615384615384616,
    1.0,
    0.3928571428571429,
    1.0,
    0.9333333333333333,
    1.0,
    1.0,
    1.0,
    0.8823529411764706,
    0.4,
    0.9722222222222222,
    1.0,
    1.0,
    0.9743589743589743,
    1.0,
    1.0,
    1.0,
    1.0,
    0.75,
    1.0,
    0.04347826086956519,
    1.0,
    1.0,
    0.9591836734693877,
    0.36,
    0.9803921568627451,
    0.8846153846153846,
    0.9811320754716981,
    0.9814814814814815,
    0.9818181818181818,
    0.375,
    0.9824561403508771,
    0.7758620689655172,
    0.35593220338983056,
    0.3666666666666667,
    0.360655737704918,
    0.9838709677419355,
    0.3650793650793651,
    0.859375,
    0.36923076923076925,
    0.9090909090909091,
    0.9850746268656716,
    0.7941176470588236,
    0.3623188405797102,
    0.9857142857142858,
    0.3802816901408451,
    0.0,
    0.0547945205479452,
    0.3918918918918919,
    0.3866666666666667,
    0.381578947368421,
    0.012987012987012991,
    0.3846153846153846,
    0.379746835443038,
    0.38749999999999996,
    0.3950617283950617,
    0.3902439024390244,
    0.3855421686746988,
    0.3928571428571429,
    0.4,
    0.39534883720930236,
    0.7816091954022988,
    0.022727272727272707,
    0.7977528089887641,
    0.9222222222222223,
    0.04395604395604391,
    0.03260869565217395,
    0.3978494623655914,
    0.021276595744680882,
    0.4,
    0.39583333333333337,
    0.4020618556701031,
    0.3979591836734694,
    0.3939393939393939,
    0.39,
    0.38613861386138615,
    0.38235294117647056,
    0.3786407766990292,
    0.3846153846153846,
    0.38095238095238093,
    0.3867924528301887,
    0.383177570093458,
    0.37962962962962965,
    0.37614678899082565,
    0.38181818181818183
  ],
  "E_out": [
    0.7086894586894588,
    0.7150997150997151,
    0.7307692307692308,
    0.7143874643874644,
    0.7286324786324787,
    0.7279202279202279,
    0.7015669515669516,
    0.707977207977208,
    0.7243589743589743,
    0.7150997150997151,
    0.7172364672364673,
    0.6944444444444444,
    0.7279202279202279,
    0.7229344729344729,
    0.7101139601139601,
    0.725071225071225,
    0.6965811965811965,
    0.7336182336182336,
    0.7207977207977208,
    0.7264957264957265,
    0.7207977207977208,
    0.707977207977208,
    0.7108262108262109,
    0.7257834757834758,
    0.7336182336182336,
    0.7236467236467237,
    0.6680911680911681,
    0.7065527065527066,
    0.7215099715099715,
    0.7186609686609686,
    0.6873219373219372,
    0.7165242165242165,
    0.7086894586894588,
    0.7286324786324787,
    0.7008547008547008,
    0.732905982905983,
    0.6987179487179487,
    0.6794871794871795,
    0.7193732193732194,
    0.732905982905983,
    0.7058404558404558,
    0.7186609686609686,
    0.690883190883191,
    0.6680911680911681,
    0.6965811965811965,
    0.7336182336182336,
    0.6851851851851851,
    0.7222222222222222,
    0.7343304843304843,
    0.7272079772079771,
    0.7343304843304843,
    0.6923076923076923,
    0.7336182336182336,
    0.7207977207977208,
    0.7243589743589743,
    0.7207977207977208,
    0.688034188034188,
    0.7186609686609686,
    0.7336182336182336,
    0.7058404558404558,
    0.7343304843304843,
    0.5683760683760684,
    0.7207977207977208,
    0.7336182336182336,
    0.7336182336182336,
    0.7336182336182336,
    0.6588319088319088,
    0.7243589743589743,
    0.7336182336182336,
    0.7336182336182336,
    0.7336182336182336,
    0.7336182336182336,
    0.7336182336182336,
    0.7336182336182336,
    0.732905982905983,
    0.7336182336182336,
    0.712962962962963,
    0.6502849002849003,
    0.7115384615384616,
    0.6987179487179487,
    0.7008547008547008,
    0.670940170940171,
    0.7336182336182336,
    0.6403133903133903,
    0.7336182336182336,
    0.7336182336182336,
    0.7336182336182336,
    0.7336182336182336,
    0.7336182336182336,
    0.732905982905983,
    0.7336182336182336,
    0.7307692307692308,
    0.7336182336182336,
    0.7336182336182336,
    0.7336182336182336,
    0.7307692307692308,
    0.7321937321937322,
    0.7279202279202279,
    0.732905982905983,
    0.7336182336182336
  ]
}