{
  "E_in": [
    1.0,
    1.0,
    1.0,
    0.9285714285714286,
    0.9333333333333333,
    0.9375,
    0.9411764705882353,
    0.9444444444444444,
    0.9473684210526316,
    0.95,
    0.9523809523809523,
    0.9545454545454546,
    0.9565217391304348,
    0.9583333333333334,
    0.96,
    0.9615384615384616,
    0.962962962962963,
    0.9642857142857143,
    0.9655172413793104,
    0.9,
    0.967741935483871,
    1.0,
    1.0,
    0.9705882352941176,
    1.0,
    1.0,
    0.972972972972973,
    0.9736842105263158,
    0.9743589743589743,
    0.975,
    1.0,
    0.9523809523809523,
    0.9767441860465116,
    1.0,
    1.0,
    1.0,
    1.0,
    1.0,
    1.0,
    1.0,
    1.0,
    1.0,
    0.9811320754716981,
    0.9814814814814815,
    0.9818181818181818,
    0.9821428571428571,
    0.9824561403508771,
    0.9827586206896551,
    0.9830508474576272,
    0.95,
    0.9836065573770492,
    0.9838709677419355,
    0.9841269841269842,
    0.984375,
    0.9846153846153847,
    0.7575757575757576,
    0.9850746268656716,
    0.9852941176470589,
    0.9855072463768116,
    0.9857142857142858,
    0.9859154929577465,
    0.9861111111111112,
    0.9863013698630136,
    0.9864864864864865,
    0.9866666666666667,
    0.9868421052631579,
    0.987012987012987,
    1.0,
    0.4177215189873418,
    0.925,
    0.654320987654321,
    0.9878048780487805,
    0.9759036144578314,
    0.9761904761904762,
    0.9764705882352941,
    0.9767441860465116,
    0.9770114942528736,
    0.9772727272727273,
    0.9775280898876404,
    0.9666666666666667,
    0.9340659340659341,
    0.9782608695652174,
    0.978494623655914,
    0.9787234042553191,
    1.0,
    0.9166666666666667,
    0.8969072164948454,
    0.9693877551020408,
    0.9696969696969697,
    0.99,
    0.7128712871287128,
    0.9901960784313726,
    0.970873786407767,
    0.8461538461538461,
    0.9809523809523809,
    0.9716981132075472,
    0.9532710280373832,
    0.962962962962963,
    0.963302752293578,
    0.9363636363636364
  ],
  "E_out": [
    0.725071225071225,
    0.7072649572649572,
    0.7122507122507122,
    0.7150997150997151,
    0.7293447293447293,
    0.7186609686609686,
    0.7008547008547008,
    0.7072649572649572,
    0.6994301994301995,
    0.7143874643874644,
    0.6844729344729344,
    0.7229344729344729,
    0.6972934472934473,
    0.6894586894586894,
    0.6552706552706553,
    0.6745014245014245,
    0.6759259259259259,
    0.7029914529914529,
    0.6702279202279202,
    0.732905982905983,
    0.6488603988603989,
    0.6673789173789173,
    0.6303418803418803,
    0.6951566951566952,
    0.646011396011396,
    0.6324786324786325,
    0.6780626780626781,
    0.6524216524216524,
    0.6673789173789173,
    0.655982905982906,
    0.5997150997150997,
    0.7143874643874644,
    0.6431623931623932,
    0.603988603988604,
    0.6203703703703705,
    0.6331908831908832,
    0.6103988603988604,
    0.641025641025641,
    0.636039886039886,
    0.6260683760683761,
    0.5819088319088319,
    0.5876068376068376,
    0.5997150997150997,
    0.5997150997150997,
    0.5683760683760684,
    0.6552706552706553,
    0.5890313390313391,
    0.599002849002849,
    0.6353276353276354,
    0.6787749287749287,
    0.5883190883190883,
    0.5833333333333333,
    0.603988603988604,
    0.5890313390313391,
    0.6082621082621082,
    0.7222222222222222,
    0.6303418803418803,
    0.6047008547008548,
    0.6445868945868947,
    0.599002849002849,
    0.6445868945868947,
    0.5911680911680912,
    0.6488603988603989,
    0.6160968660968662,
    0.6353276353276354,
    0.5975783475783476,
    0.5776353276353277,
    0.611111111111111,
    0.7378917378917379,
    0.6894586894586894,
    0.7207977207977208,
    0.6168091168091168,
    0.611111111111111,
    0.5883190883190883,
    0.599002849002849,
    0.6438746438746439,
    0.5783475783475783,
    0.6011396011396011,
    0.608974358974359,
    0.6339031339031338,
    0.6588319088319088,
    0.6004273504273504,
    0.5918803418803419,
    0.5918803418803419,
    0.5548433048433048,
    0.636039886039886,
    0.650997150997151,
    0.5883190883190883,
    0.5933048433048433,
    0.584045584045584,
    0.7015669515669516,
    0.5804843304843305,
    0.6025641025641025,
    0.6467236467236468,
    0.5797720797720798,
    0.5890313390313391,
    0.5819088319088319,
    0.5726495726495726,
    0.5797720797720798,
    0.6025641025641025
  ]
}