{
  "metadata": {
    "commands": "basic_cv.py -b ../preprocessed_training_data/genereg_direction_agnostic_sorted.jsre -d ../preprocessed_training_data/top2241_direction_agnostic.jsre -f 20 --jsre ../resources/jsre --suffix lower_bound_full_genereg_poolsize-2000 --testset_size 241"
  },
  "avg": 0.2029045643153527,
  "min": 0.15767634854771784,
  "max": 0.2323651452282156,
  "stdev": 0.02111059233251398,
  "scores": [
    0.22821576763485463,
    0.1659751037344398,
    0.19917012448132776,
    0.18672199170124482,
    0.21991701244813266,
    0.20331950207468874,
    0.19917012448132776,
    0.15767634854771784,
    0.22406639004149365,
    0.1908713692946058,
    0.19502074688796678,
    0.19502074688796678,
    0.2116182572614107,
    0.20746887966804972,
    0.22406639004149365,
    0.2323651452282156,
    0.22406639004149365,
    0.17012448132780078,
    0.20746887966804972,
    0.21576763485477168
  ]
}