{
  "metadata": {
    "commands": "basic_cv.py -b ../preprocessed_training_data/genereg_direction_agnostic_sorted.jsre -d ../preprocessed_training_data/top2241_direction_agnostic.jsre -f 20 --jsre ../resources/jsre --suffix lower_bound_full_genereg_poolsize-100 --testset_size 2141"
  },
  "avg": 0.2586641756188698,
  "min": 0.2480149462867819,
  "max": 0.2732368052312004,
  "stdev": 0.005538086506313425,
  "scores": [
    0.2582905184493227,
    0.257823446987389,
    0.2480149462867819,
    0.2620270901447923,
    0.2732368052312004,
    0.25688930406352173,
    0.25408687529191964,
    0.2601588042970575,
    0.2620270901447923,
    0.25548808967772074,
    0.25315273236805236,
    0.25268566090611866,
    0.25455394675385334,
    0.25688930406352173,
    0.2582905184493227,
    0.2596917328351238,
    0.2582905184493227,
    0.2624941616067258,
    0.26809901914992995,
    0.2610929472209249
  ]
}