{
  "metadata": {
    "commands": "basic_cv.py -b ../preprocessed_training_data/genereg_direction_agnostic_sorted.jsre -d ../preprocessed_training_data/top2241_direction_agnostic.jsre -f 20 --jsre ../resources/jsre --suffix lower_bound_full_genereg_poolsize-700 --testset_size 1541"
  },
  "avg": 0.22894224529526283,
  "min": 0.21674237508111616,
  "max": 0.24140168721609345,
  "stdev": 0.00746038451790689,
  "scores": [
    0.22972096041531476,
    0.21933809214795585,
    0.23361453601557425,
    0.22972096041531476,
    0.22712524334847506,
    0.24075275794938344,
    0.22582738481505515,
    0.24140168721609345,
    0.23361453601557425,
    0.22712524334847506,
    0.21674237508111616,
    0.22452952628163525,
    0.21804023361453606,
    0.23491239454899415,
    0.22388059701492535,
    0.23880597014925375,
    0.23491239454899415,
    0.23426346528228426,
    0.21998702141466575,
    0.22452952628163525
  ]
}