{
  "metadata": {
    "commands": "basic_cv.py -b ../preprocessed_training_data/genereg_direction_agnostic_sorted.jsre -d ../preprocessed_training_data/top2241_direction_agnostic.jsre -f 20 --jsre ../resources/jsre --suffix lower_bound_full_genereg_poolsize-300 --testset_size 1941"
  },
  "avg": 0.24791344667697063,
  "min": 0.24008243173621846,
  "max": 0.2586295723853683,
  "stdev": 0.0049489537494973755,
  "scores": [
    0.2483256053580628,
    0.24317362184441005,
    0.25038639876352387,
    0.246780010303967,
    0.24214322514167952,
    0.2483256053580628,
    0.24008243173621846,
    0.24935600206079345,
    0.2586295723853683,
    0.24368882019577542,
    0.24884080370942807,
    0.24574961360123648,
    0.2405976300875836,
    0.25038639876352387,
    0.24935600206079345,
    0.2514167954662545,
    0.24162802679031425,
    0.2545079855744461,
    0.25347758887171556,
    0.2514167954662545
  ]
}