{
  "metadata": {
    "commands": "basic_cv.py -b ../preprocessed_training_data/genereg_direction_agnostic_sorted.jsre -d ../preprocessed_training_data/top2241_direction_agnostic.jsre -f 20 --jsre ../resources/jsre --suffix lower_bound_full_genereg_poolsize-600 --testset_size 1641"
  },
  "avg": 0.234613040828763,
  "min": 0.2205971968312005,
  "max": 0.2504570383912249,
  "stdev": 0.008835246053980018,
  "scores": [
    0.2303473491773309,
    0.2285191956124314,
    0.234613040828763,
    0.22486288848263258,
    0.2443631931748933,
    0.22547227300426576,
    0.24558196221815964,
    0.2364411943936624,
    0.23339427178549665,
    0.23522242535039606,
    0.22120658135283366,
    0.22730042656916505,
    0.242535039609994,
    0.24558196221815964,
    0.24375380865326024,
    0.2504570383912249,
    0.23765996343692875,
    0.226691042047532,
    0.2205971968312005,
    0.23765996343692875
  ]
}