{
  "metadata": {
    "commands": "basic_cv.py -b ../preprocessed_training_data/genereg_direction_agnostic_sorted.jsre -d ../preprocessed_training_data/top2241_direction_agnostic.jsre -f 20 --jsre ../resources/jsre --suffix lower_bound_full_genereg_poolsize-200 --testset_size 2041"
  },
  "avg": 0.251077902988731,
  "min": 0.24056834884860367,
  "max": 0.2582067613914748,
  "stdev": 0.004299272140119547,
  "scores": [
    0.24301812836844694,
    0.25281724644781955,
    0.25183733463988245,
    0.2542871141597256,
    0.250857422831945,
    0.2464478196962273,
    0.2547770700636943,
    0.25624693777560015,
    0.2547770700636943,
    0.24056834884860367,
    0.2503674669279765,
    0.2503674669279765,
    0.2582067613914748,
    0.25134737873591373,
    0.24791768740813325,
    0.25232729054385106,
    0.253797158255757,
    0.2533072023517885,
    0.2503674669279765,
    0.24791768740813325
  ]
}