{
  "metadata": {
    "commands": "basic_cv.py -b ../preprocessed_training_data/genereg_direction_agnostic_sorted.jsre -d ../preprocessed_training_data/top2241_direction_agnostic.jsre -f 20 --jsre ../resources/jsre --suffix lower_bound_full_genereg_poolsize-900 --testset_size 1341"
  },
  "avg": 0.22766592095451155,
  "min": 0.21625652498135717,
  "max": 0.239373601789709,
  "stdev": 0.008061028763835857,
  "scores": [
    0.2348993288590604,
    0.22520507084265473,
    0.2348993288590604,
    0.22371364653243864,
    0.23788217747949292,
    0.23340790454884408,
    0.2222222222222221,
    0.2229679343773303,
    0.23862788963460102,
    0.22669649515287105,
    0.21625652498135717,
    0.22520507084265473,
    0.23788217747949292,
    0.2356450410141684,
    0.21849366144668148,
    0.2229679343773303,
    0.21774794929157348,
    0.2229679343773303,
    0.21625652498135717,
    0.239373601789709
  ]
}