{
  "metadata": {
    "commands": "basic_cv.py -b ../preprocessed_training_data/genereg_direction_agnostic_sorted.jsre -d ../preprocessed_training_data/top2241_direction_agnostic.jsre -f 20 --jsre ../resources/jsre --suffix lower_bound_full_genereg_poolsize-400 --testset_size 1841"
  },
  "avg": 0.24388919065725148,
  "min": 0.23519826181423142,
  "max": 0.2547528517110266,
  "stdev": 0.005411781519015151,
  "scores": [
    0.2504073872895166,
    0.24388919065725145,
    0.2455187398153178,
    0.23791417707767526,
    0.23519826181423142,
    0.25312330255296034,
    0.23682781097229766,
    0.2493210211841389,
    0.24388919065725145,
    0.2466051059206953,
    0.24063009234111898,
    0.24823465507876152,
    0.2547528517110266,
    0.24497555676262905,
    0.2395437262357415,
    0.23682781097229766,
    0.24171645844649647,
    0.24388919065725145,
    0.24171645844649647,
    0.24280282455187385
  ]
}