{
  "metadata": {
    "commands": "basic_cv.py -b ../preprocessed_training_data/genereg_direction_agnostic_sorted.jsre -d ../preprocessed_training_data/top2241_direction_agnostic.jsre -f 20 --jsre ../resources/jsre --suffix lower_bound_full_genereg_poolsize-500 --testset_size 1741"
  },
  "avg": 0.2365881677197014,
  "min": 0.22228604250430772,
  "max": 0.24928202182653647,
  "stdev": 0.0064012092892613785,
  "scores": [
    0.2337736932797243,
    0.23664560597357853,
    0.23434807581849515,
    0.24353819643882835,
    0.2309017805858702,
    0.22802986789201607,
    0.2326249282021826,
    0.24411257897759908,
    0.23951751866743254,
    0.23434807581849515,
    0.24238943136128666,
    0.24526134405514066,
    0.24124066628374496,
    0.23492245835726588,
    0.24928202182653647,
    0.23664560597357853,
    0.23549684089603673,
    0.23434807581849515,
    0.23205054566341188,
    0.22228604250430772
  ]
}