{
  "metadata": {
    "commands": "basic_cv.py -b ../preprocessed_training_data/genereg_direction_agnostic_sorted.jsre -d ../preprocessed_training_data/top2241_direction_agnostic.jsre -f 20 --jsre ../resources/jsre --suffix lower_bound_full_genereg_poolsize-1500 --testset_size 741"
  },
  "avg": 0.2121457489878543,
  "min": 0.19433198380566796,
  "max": 0.23346828609986503,
  "stdev": 0.009678247425331353,
  "scores": [
    0.20107962213225372,
    0.20917678812415663,
    0.22267206477732804,
    0.19838056680161942,
    0.23346828609986503,
    0.21862348178137647,
    0.22402159244264508,
    0.21052631578947367,
    0.20107962213225372,
    0.20647773279352222,
    0.21592442645074228,
    0.21727395411605943,
    0.21997300944669362,
    0.21727395411605943,
    0.19433198380566796,
    0.20917678812415663,
    0.21592442645074228,
    0.20917678812415663,
    0.21457489878542513,
    0.20377867746288802
  ]
}