{
  "metadata": {
    "commands": "basic_cv.py -b ../preprocessed_training_data/genereg_direction_agnostic_sorted.jsre -d ../preprocessed_training_data/top2241_direction_agnostic.jsre -f 20 --jsre ../resources/jsre --suffix lower_bound_full_genereg_poolsize-50 --testset_size 2191"
  },
  "avg": 0.2637836604290279,
  "min": 0.25650387950707443,
  "max": 0.2706526700136923,
  "stdev": 0.0033127374236644057,
  "scores": [
    0.2619808306709266,
    0.26608854404381566,
    0.2633500684618896,
    0.2606115928799635,
    0.26517571884984026,
    0.2615244180739389,
    0.26608854404381566,
    0.2692834322227293,
    0.2619808306709266,
    0.26563213144682796,
    0.25650387950707443,
    0.26426289365586486,
    0.2615244180739389,
    0.26654495664080324,
    0.2638064810588773,
    0.2706526700136923,
    0.2638064810588773,
    0.2592423550890005,
    0.26563213144682796,
    0.2619808306709266
  ]
}