{
  "metadata": {
    "commands": "basic_cv.py -b ../preprocessed_training_data/genereg_direction_agnostic_sorted.jsre -d ../preprocessed_training_data/top2241_direction_agnostic.jsre -f 20 --jsre ../resources/jsre --suffix lower_bound_full_genereg_poolsize-800 --testset_size 1441"
  },
  "avg": 0.22827897293546145,
  "min": 0.2130464954892436,
  "max": 0.24635669673837612,
  "stdev": 0.010380116244581843,
  "scores": [
    0.2276197085357391,
    0.2130464954892436,
    0.2435808466342817,
    0.21790423317140872,
    0.24635669673837612,
    0.24635669673837612,
    0.22276197085357385,
    0.2297015961138098,
    0.21859819569743233,
    0.22484385843164456,
    0.23386537126995133,
    0.23872310895211657,
    0.2144344205412908,
    0.22414989590562096,
    0.2165163081193614,
    0.2297015961138098,
    0.23872310895211657,
    0.23247744621790423,
    0.22068008327550315,
    0.2255378209576684
  ]
}