{
  "metadata": {
    "commands": "basic_cv.py -b ../preprocessed_training_data/genereg_direction_agnostic_sorted.jsre -d ../preprocessed_training_data/top2241_direction_agnostic.jsre -f 20 --jsre ../resources/jsre --suffix lower_bound_full_genereg_poolsize-1000 --testset_size 1241"
  },
  "avg": 0.22111200644641418,
  "min": 0.20870265914585007,
  "max": 0.23045930701047557,
  "stdev": 0.005700277580210546,
  "scores": [
    0.22804190169218375,
    0.22078968573730862,
    0.2199838839645447,
    0.23045930701047557,
    0.2159548751007252,
    0.20870265914585007,
    0.22643029814665594,
    0.2199838839645447,
    0.22643029814665594,
    0.22562449637389204,
    0.21756647864625311,
    0.21273166800966958,
    0.22159548751007252,
    0.22643029814665594,
    0.2199838839645447,
    0.2143432715551974,
    0.22078968573730862,
    0.22401289282836412,
    0.2159548751007252,
    0.22643029814665594
  ]
}