{
  "E_ins": [],
  "E_outs": [],
  "durations": [
    {
      "avg": 47.17574541568756,
      "min": 46.03165125846863,
      "max": 50.5583438873291,
      "stdev": 1.3309735813890593
    }
  ]
}