{
  "E_in": [
    0.0,
    0.0,
    0.0,
    0.0,
    0.0,
    0.0,
    0.0,
    0.0,
    0.0,
    0.0,
    0.0,
    0.0,
    0.0,
    0.0,
    0.0,
    0.0,
    0.0,
    0.0,
    0.0,
    0.0,
    0.0,
    0.0,
    0.0,
    0.0,
    0.0,
    0.0,
    0.0,
    0.0,
    0.0,
    0.0,
    0.0,
    0.0,
    0.0,
    0.0,
    0.0,
    0.0,
    0.0,
    0.0,
    0.0,
    0.0,
    0.01098901098901095,
    0.010869565217391353,
    0.010752688172043001,
    0.010638297872340385,
    0.021052631578947212,
    0.02083333333333348,
    0.010309278350515427,
    0.010204081632652962,
    0.010101010101010055,
    0.020000000000000018,
    0.00990099009900991,
    0.019607843137254943,
    0.01941747572815533,
    0.019230769230769384,
    0.02857142857142858,
    0.028301886792452824,
    0.028037383177570097,
    0.0277777777777779,
    0.01834862385321101,
    0.027272727272727226,
    0.027027027027026973,
    0.008928571428571397,
    0.008849557522123908,
    0.01754385964912286,
    0.017391304347826098,
    0.02586206896551735,
    0.02564102564102566,
    0.025423728813559254,
    0.025210084033613467,
    0.025000000000000022,
    0.024793388429752095,
    0.016393442622950838,
    0.024390243902439046,
    0.024193548387096753,
    0.02400000000000002,
    0.04761904761904778,
    0.03149606299212604,
    0.0390625,
    0.03100775193798455,
    0.03076923076923077,
    0.03816793893129766,
    0.030303030303030276,
    0.03007518796992481,
    0.02985074626865669,
    0.029629629629629672,
    0.02941176470588236,
    0.029197080291970767,
    0.02898550724637683,
    0.02877697841726634,
    0.0357142857142857,
    0.03546099290780147,
    0.035211267605633756,
    0.027972027972028024,
    0.0347222222222221,
    0.034482758620689724,
    0.04109589041095907,
    0.03401360544217691,
    0.03378378378378377,
    0.04026845637583909,
    0.040000000000000036
  ],
  "E_out": [
    0.3944145026947574,
    0.3645271925526703,
    0.3488486036256737,
    0.32631063204311617,
    0.3238608525232729,
    0.31357177853993146,
    0.3111219990200883,
    0.2993630573248409,
    0.3209211170994609,
    0.3086722195002448,
    0.3076923076923077,
    0.3081822635962763,
    0.3042626163645272,
    0.30475257226849584,
    0.29691327780499743,
    0.300342969132778,
    0.300342969132778,
    0.29691327780499743,
    0.2910338069573739,
    0.2959333659970602,
    0.2905438510534052,
    0.2871141597256248,
    0.2831945124938755,
    0.2836844683978442,
    0.28123468887800096,
    0.2831945124938755,
    0.28123468887800096,
    0.2714355707986281,
    0.2655560999510044,
    0.2748652621264085,
    0.26800587947084764,
    0.2748652621264085,
    0.27437530622244,
    0.2694757471827536,
    0.26751592356687903,
    0.27339539441450267,
    0.25673689367956887,
    0.2650661440470359,
    0.2621264086232239,
    0.2616364527192553,
    0.26849583537481625,
    0.2714355707986281,
    0.26898579127878497,
    0.26849583537481625,
    0.2650661440470359,
    0.26310632043116133,
    0.26359627633512983,
    0.2665360117589417,
    0.26408623223909844,
    0.2577168054875061,
    0.2694757471827536,
    0.2660460558549731,
    0.2665360117589417,
    0.2660460558549731,
    0.2655560999510044,
    0.2665360117589417,
    0.2670259676629104,
    0.2665360117589417,
    0.26800587947084764,
    0.2660460558549731,
    0.26310632043116133,
    0.27241548260656545,
    0.2709456148946594,
    0.26408623223909844,
    0.26408623223909844,
    0.2660460558549731,
    0.2621264086232239,
    0.26310632043116133,
    0.26310632043116133,
    0.2626163645271924,
    0.25673689367956887,
    0.26800587947084764,
    0.2582067613914748,
    0.2626163645271924,
    0.26065654091131796,
    0.2582067613914748,
    0.2650661440470359,
    0.25575698187163154,
    0.2586967172954434,
    0.25967662910338074,
    0.2572268495835375,
    0.2577168054875061,
    0.26016658500734935,
    0.2577168054875061,
    0.26114649681528657,
    0.2626163645271924,
    0.25673689367956887,
    0.25673689367956887,
    0.259186673199412,
    0.250857422831945,
    0.2582067613914748,
    0.24742773150416464,
    0.2586967172954434,
    0.2582067613914748,
    0.25673689367956887,
    0.250857422831945,
    0.2572268495835375,
    0.2586967172954434,
    0.25232729054385106,
    0.25526702596766304
  ],
  "durations": [
    736.5984301567078,
    723.9873478412628,
    724.8120663166046,
    726.1214623451233,
    728.3471345901489,
    726.1939461231232,
    728.8545982837677,
    726.7064187526703,
    724.5298175811768,
    725.7860682010651,
    725.9398055076599,
    724.5362906455994,
    721.4619879722595,
    721.1918661594391,
    718.7409045696259,
    720.6282482147217,
    720.3932988643646,
    717.0068647861481,
    743.582884311676,
    833.5934472084045,
    721.6842565536499,
    726.4558823108673,
    724.5593130588531,
    724.5952548980713,
    723.3924815654755,
    720.1561179161072,
    7605.297902345657,
    709.6970715522766,
    706.8112845420837,
    704.7295570373535,
    701.6692793369293,
    699.6303400993347,
    699.6926145553589,
    696.3407034873962,
    695.1623475551605,
    692.9116923809052,
    694.0635719299316,
    689.824809551239,
    688.3952798843384,
    683.4452848434448,
    682.1543292999268,
    679.2193953990936,
    674.9254298210144,
    671.4086289405823,
    670.1060380935669,
    671.8735339641571,
    667.2071015834808,
    669.4464538097382,
    666.7297840118408,
    667.2769720554352,
    667.4299194812775,
    664.4245474338531,
    654.729743719101,
    659.0254645347595,
    654.3832411766052,
    647.3825936317444,
    651.0759832859039,
    652.5018849372864,
    651.1222791671753,
    650.289957523346,
    647.761255979538,
    645.4183585643768,
    643.6535491943359,
    643.0858991146088,
    641.1628189086914,
    641.4419400691986,
    638.9463996887207,
    634.1615831851959,
    631.9475028514862,
    627.3727304935455,
    621.6800944805145,
    624.7984943389893,
    627.4650599956512,
    625.025298833847,
    622.6409153938293,
    617.4314460754395,
    613.5717628002167,
    611.3003213405609,
    607.0664350986481,
    599.1497013568878,
    595.7948393821716,
    595.3299984931946,
    591.1397480964661,
    588.4324123859406,
    582.1760408878326,
    576.1045837402344,
    577.1533710956573,
    574.4849772453308,
    570.0540006160736,
    569.3675963878632,
    567.2665848731995,
    565.4127025604248,
    560.6863467693329,
    561.5434536933899,
    558.2547173500061,
    560.3511717319489,
    559.1523578166962,
    554.8828892707825,
    552.4298822879791,
    547.2402517795563
  ]
}