{
  "E_in": [
    0.0,
    0.0,
    0.0,
    0.0,
    0.0,
    0.0,
    0.0,
    0.0,
    0.0,
    0.0,
    0.0,
    0.0,
    0.0,
    0.0,
    0.0,
    0.0,
    0.0,
    0.0,
    0.0,
    0.0,
    0.0,
    0.0,
    0.0,
    0.0,
    0.0,
    0.0,
    0.012987012987012991,
    0.012820512820512664,
    0.012658227848101222,
    0.012499999999999956,
    0.012345679012345734,
    0.012195121951219523,
    0.012048192771084376,
    0.011904761904761862,
    0.0117647058823529,
    0.011627906976744207,
    0.011494252873563204,
    0.011363636363636354,
    0.011235955056179803,
    0.011111111111111183,
    0.02197802197802201,
    0.021739130434782705,
    0.021505376344086113,
    0.03191489361702127,
    0.03157894736842115,
    0.03125,
    0.030927835051546393,
    0.030612244897959218,
    0.030303030303030276,
    0.030000000000000027,
    0.02970297029702973,
    0.02941176470588236,
    0.029126213592232997,
    0.028846153846153855,
    0.01904761904761909,
    0.028301886792452824,
    0.03738317757009346,
    0.03703703703703709,
    0.03669724770642202,
    0.027272727272727226,
    0.027027027027026973,
    0.0357142857142857,
    0.026548672566371723,
    0.04385964912280693,
    0.034782608695652195,
    0.034482758620689724,
    0.042735042735042694,
    0.03389830508474578,
    0.03361344537815125,
    0.04166666666666652,
    0.03305785123966942,
    0.032786885245901676,
    0.03252032520325199,
    0.032258064516129004,
    0.048000000000000154,
    0.04761904761904778,
    0.03937007874015752,
    0.0390625,
    0.03875968992248058,
    0.0461538461538461,
    0.04580152671755722,
    0.045454545454545414,
    0.052631578947368474,
    0.052238805970149294,
    0.051851851851851816,
    0.05147058823529416,
    0.058394160583941646,
    0.050724637681159424,
    0.12230215827338131,
    0.11428571428571432,
    0.049645390070921946,
    0.05633802816901412,
    0.04895104895104896,
    0.04861111111111116,
    0.0482758620689655,
    0.04109589041095907,
    0.04081632653061229,
    0.1216216216216216,
    0.04026845637583909,
    0.040000000000000036
  ],
  "E_out": [
    0.3400293973542381,
    0.3312101910828027,
    0.3199412052915238,
    0.31749142577168055,
    0.3072023517883392,
    0.31259186673199413,
    0.3478686918177364,
    0.32631063204311617,
    0.3121019108280255,
    0.3312101910828027,
    0.3062224399804018,
    0.3042626163645272,
    0.30573248407643316,
    0.31406173444390006,
    0.3032827045565899,
    0.3072023517883392,
    0.2959333659970602,
    0.30916217540421376,
    0.30671239588437027,
    0.3170014698677118,
    0.315531602155806,
    0.3194512493875551,
    0.3209211170994609,
    0.31749142577168055,
    0.3287604115629592,
    0.3194512493875551,
    0.3150416462518373,
    0.3121019108280255,
    0.3062224399804018,
    0.30671239588437027,
    0.30475257226849584,
    0.3081822635962763,
    0.30230279274865257,
    0.3062224399804018,
    0.2993630573248409,
    0.2988731014208722,
    0.2988731014208722,
    0.2949534541891229,
    0.29299363057324834,
    0.2959333659970602,
    0.29397354238118567,
    0.29348358647721706,
    0.2954434100930916,
    0.29397354238118567,
    0.28515433610975005,
    0.2959333659970602,
    0.3027927486526213,
    0.2993630573248409,
    0.2954434100930916,
    0.31406173444390006,
    0.30916217540421376,
    0.31014208721215086,
    0.3032827045565899,
    0.29691327780499743,
    0.28907398334149936,
    0.3027927486526213,
    0.3032827045565899,
    0.2988731014208722,
    0.2954434100930916,
    0.28025477707006374,
    0.27682508574228304,
    0.28025477707006374,
    0.279764821166095,
    0.27584517393434593,
    0.28564429201371877,
    0.2876041156295933,
    0.2753552180303772,
    0.2738853503184714,
    0.2748652621264085,
    0.2831945124938755,
    0.2753552180303772,
    0.28515433610975005,
    0.27290543851053395,
    0.2709456148946594,
    0.26800587947084764,
    0.2709456148946594,
    0.2782949534541891,
    0.2748652621264085,
    0.27339539441450267,
    0.27437530622244,
    0.27241548260656545,
    0.2665360117589417,
    0.2586967172954434,
    0.27633512983831454,
    0.27682508574228304,
    0.2572268495835375,
    0.25232729054385106,
    0.2670259676629104,
    0.2459578637922587,
    0.2464478196962273,
    0.2586967172954434,
    0.26114649681528657,
    0.25967662910338074,
    0.2577168054875061,
    0.2572268495835375,
    0.2572268495835375,
    0.259186673199412,
    0.2459578637922587,
    0.25967662910338074,
    0.2586967172954434
  ],
  "durations": [
    735.1140742301941,
    737.3371949195862,
    735.6449909210205,
    4183.316506385803,
    736.5731399059296,
    738.7739791870117,
    736.9406394958496,
    733.3171846866608,
    731.1405742168427,
    728.4579925537109,
    723.861341714859,
    722.0193967819214,
    727.3395318984985,
    727.5381307601929,
    725.1286716461182,
    728.2500350475311,
    899.988374710083,
    732.4402310848236,
    718.215579032898,
    713.1087436676025,
    712.2505841255188,
    738.6839842796326,
    919.1949195861816,
    912.0301508903503,
    715.7570197582245,
    827.2010676860809,
    921.8233428001404,
    782.4552097320557,
    712.6509251594543,
    710.0005354881287,
    710.0844502449036,
    703.5629365444183,
    699.3777029514313,
    698.3911683559418,
    696.0888946056366,
    695.8999440670013,
    693.0543949604034,
    690.224903345108,
    683.424562215805,
    680.552553653717,
    678.9443154335022,
    2794.7898094654083,
    678.8852825164795,
    675.2793991565704,
    672.2799277305603,
    671.2124345302582,
    665.8381366729736,
    671.0548985004425,
    669.5408375263214,
    667.1365737915039,
    664.1513743400574,
    660.504656791687,
    657.133159160614,
    655.0705139636993,
    654.3240392208099,
    654.1465890407562,
    654.0154867172241,
    652.2720794677734,
    651.7365069389343,
    647.500426530838,
    650.0806996822357,
    649.5294795036316,
    646.7803473472595,
    641.6175391674042,
    643.4130945205688,
    640.2460236549377,
    636.8582942485809,
    635.9084255695343,
    633.9503698348999,
    626.4276826381683,
    626.5536067485809,
    626.4662692546844,
    622.2361931800842,
    614.8093812465668,
    616.8803019523621,
    613.1500282287598,
    609.4258856773376,
    607.7984399795532,
    611.3197112083435,
    609.379344701767,
    606.3905131816864,
    602.2508764266968,
    600.8145174980164,
    598.3543126583099,
    595.3023073673248,
    589.6310884952545,
    588.7343881130219,
    587.6679992675781,
    583.2079713344574,
    578.5067780017853,
    576.9212741851807,
    571.8608934879303,
    568.4074950218201,
    567.7357149124146,
    563.8839268684387,
    567.2085177898407,
    563.7691943645477,
    562.66064453125,
    558.621720790863,
    556.096081495285
  ]
}