{
  "E_in": [
    0.0,
    0.0,
    0.0,
    0.0,
    0.0,
    0.0,
    0.0,
    0.0,
    0.0,
    0.0,
    0.0,
    0.0,
    0.0,
    0.0,
    0.0,
    0.0,
    0.0,
    0.0,
    0.0,
    0.0,
    0.0,
    0.0,
    0.0,
    0.0,
    0.0,
    0.0,
    0.0,
    0.0,
    0.0,
    0.0,
    0.0,
    0.0,
    0.0,
    0.011904761904761862,
    0.0117647058823529,
    0.011627906976744207,
    0.011494252873563204,
    0.011363636363636354,
    0.011235955056179803,
    0.011111111111111183,
    0.01098901098901095,
    0.010869565217391353,
    0.010752688172043001,
    0.010638297872340385,
    0.010526315789473717,
    0.010416666666666519,
    0.010309278350515427,
    0.010204081632652962,
    0.010101010101010055,
    0.010000000000000009,
    0.00990099009900991,
    0.009803921568627305,
    0.009708737864077666,
    0.009615384615384581,
    0.01904761904761909,
    0.018867924528301883,
    0.01869158878504673,
    0.0277777777777779,
    0.02752293577981646,
    0.036363636363636376,
    0.027027027027026973,
    0.0267857142857143,
    0.026548672566371723,
    0.026315789473684292,
    0.02608695652173909,
    0.034482758620689724,
    0.03418803418803418,
    0.016949152542372836,
    0.01680672268907568,
    0.01666666666666672,
    0.016528925619834656,
    0.016393442622950838,
    0.016260162601625994,
    0.016129032258064502,
    0.015999999999999903,
    0.023809523809523836,
    0.023622047244094557,
    0.0234375,
    0.023255813953488524,
    0.03076923076923077,
    0.03053435114503822,
    0.030303030303030276,
    0.022556390977443663,
    0.02985074626865669,
    0.029629629629629672,
    0.02941176470588236,
    0.029197080291970767,
    0.02898550724637683,
    0.02877697841726634,
    0.0357142857142857,
    0.028368794326241176,
    0.028169014084507005,
    0.027972027972028024,
    0.0277777777777779,
    0.02758620689655178,
    0.02739726027397249,
    0.027210884353741527,
    0.027027027027026973,
    0.02684563758389258,
    0.026666666666666616
  ],
  "E_out": [
    0.34247917687408136,
    0.3449289563939246,
    0.32631063204311617,
    0.31896129348358637,
    0.3233708966193043,
    0.32582067613914745,
    0.3199412052915238,
    0.3184713375796179,
    0.31308182263596285,
    0.30965213130818225,
    0.31406173444390006,
    0.3062224399804018,
    0.3145516903478687,
    0.3081822635962763,
    0.3111219990200883,
    0.3032827045565899,
    0.31259186673199413,
    0.300342969132778,
    0.30230279274865257,
    0.300342969132778,
    0.3037726604605585,
    0.2944634982851544,
    0.29642332190102894,
    0.29691327780499743,
    0.2954434100930916,
    0.2983831455169035,
    0.29740323370896615,
    0.2993630573248409,
    0.30671239588437027,
    0.3027927486526213,
    0.30132288094071535,
    0.29691327780499743,
    0.29691327780499743,
    0.30230279274865257,
    0.2949534541891229,
    0.30181283684468396,
    0.29691327780499743,
    0.2910338069573739,
    0.2915237628613425,
    0.2915237628613425,
    0.29348358647721706,
    0.29397354238118567,
    0.2954434100930916,
    0.2910338069573739,
    0.28907398334149936,
    0.2905438510534052,
    0.2949534541891229,
    0.2949534541891229,
    0.2959333659970602,
    0.29299363057324834,
    0.28907398334149936,
    0.28956393924546786,
    0.2900538951494366,
    0.2871141597256248,
    0.2871141597256248,
    0.2876041156295933,
    0.28858402743753064,
    0.2831945124938755,
    0.28417442430181283,
    0.2827045565899069,
    0.28564429201371877,
    0.27682508574228304,
    0.27584517393434593,
    0.27682508574228304,
    0.277315041646252,
    0.27584517393434593,
    0.277315041646252,
    0.28123468887800096,
    0.2822146006859383,
    0.2792748652621264,
    0.2792748652621264,
    0.2748652621264085,
    0.27584517393434593,
    0.27633512983831454,
    0.27682508574228304,
    0.27192552670259673,
    0.27290543851053395,
    0.2704556589906908,
    0.2709456148946594,
    0.2660460558549731,
    0.2665360117589417,
    0.26751592356687903,
    0.26457618814306716,
    0.2665360117589417,
    0.26800587947084764,
    0.26800587947084764,
    0.2694757471827536,
    0.26800587947084764,
    0.26898579127878497,
    0.2670259676629104,
    0.2660460558549731,
    0.26849583537481625,
    0.2655560999510044,
    0.2665360117589417,
    0.2650661440470359,
    0.26457618814306716,
    0.2694757471827536,
    0.2714355707986281,
    0.2699657030867222,
    0.2709456148946594
  ],
  "durations": [
    733.7037012577057,
    730.6020152568817,
    732.1895797252655,
    730.6990332603455,
    729.3144164085388,
    732.0432801246643,
    728.8183133602142,
    728.330090045929,
    728.2641150951385,
    730.2257235050201,
    728.4553105831146,
    725.8597168922424,
    726.056718826294,
    724.3287315368652,
    725.0767335891724,
    723.0756599903107,
    721.2655203342438,
    719.7571909427643,
    717.1190445423126,
    714.4170746803284,
    714.4606552124023,
    712.757453918457,
    712.1477320194244,
    718.2180871963501,
    5647.099433660507,
    719.1635041236877,
    730.1157529354095,
    709.4573729038239,
    714.5538620948792,
    698.2724106311798,
    696.3548212051392,
    694.0107915401459,
    689.9321970939636,
    685.2590234279633,
    682.5220353603363,
    685.9383270740509,
    686.7125837802887,
    687.8122656345367,
    686.1158299446106,
    683.6695535182953,
    677.8239092826843,
    676.8700020313263,
    674.2294008731842,
    676.4484875202179,
    669.8233060836792,
    670.2618319988251,
    671.8284192085266,
    675.5179531574249,
    673.031947851181,
    668.9702887535095,
    670.3791060447693,
    670.9900281429291,
    660.0834565162659,
    661.0979111194611,
    657.1491897106171,
    655.6376049518585,
    653.2295918464661,
    650.5381889343262,
    650.3245375156403,
    648.7356004714966,
    645.0800940990448,
    2710.1754429340363,
    641.3177123069763,
    640.0689308643341,
    642.5754692554474,
    640.7891232967377,
    636.7526218891144,
    627.8894150257111,
    623.241461277008,
    623.8020756244659,
    631.5361113548279,
    626.859808921814,
    623.3333849906921,
    612.3793039321899,
    616.3979334831238,
    614.2362987995148,
    615.3891751766205,
    615.1216254234314,
    608.3671991825104,
    605.1918795108795,
    602.1653370857239,
    595.5363833904266,
    593.2602217197418,
    587.9397389888763,
    581.7058815956116,
    579.0913178920746,
    576.2573330402374,
    571.092259645462,
    567.1019866466522,
    563.1695303916931,
    562.0867261886597,
    563.002105474472,
    560.8538460731506,
    561.3148658275604,
    557.7868254184723,
    555.9932975769043,
    555.1041288375854,
    555.4611473083496,
    555.3339416980743,
    553.929230928421
  ]
}