{
  "metadata": {
    "commands": "basic_cv.py -b ../preprocessed_training_data/genereg_direction_agnostic_sorted.jsre -d ../preprocessed_training_data/top2241_direction_agnostic.jsre -f 20 --jsre ../resources/jsre --suffix cc_1000 --testset_size 2241 --subsample-base 1000"
  },
  "avg": 0.2790049085229809,
  "min": 0.26907630522088355,
  "max": 0.2896028558679161,
  "stdev": 0.006292133813694536,
  "scores": [
    0.2726461401160196,
    0.2838018741633199,
    0.27978580990629187,
    0.27710843373493976,
    0.28915662650602414,
    0.2726461401160196,
    0.28067826863007583,
    0.26907630522088355,
    0.287817938420348,
    0.27487728692547975,
    0.28246318607764376,
    0.27755466309683174,
    0.2846943328871041,
    0.27978580990629187,
    0.27532351628737173,
    0.27175368139223566,
    0.2842481035252119,
    0.2896028558679161,
    0.26952253458277553,
    0.27755466309683174
  ]
}