{
  "metadata": {
    "commands": "basic_cv.py -b ../preprocessed_training_data/genereg_direction_agnostic_sorted.jsre -d ../preprocessed_training_data/top2241_direction_agnostic.jsre -f 20 --jsre ../resources/jsre --suffix cc_200 --testset_size 2241 --subsample-base 200"
  },
  "avg": 0.31338688085676036,
  "min": 0.287817938420348,
  "max": 0.3386880856760375,
  "stdev": 0.014865533628547294,
  "scores": [
    0.32307005800981703,
    0.3070058009817046,
    0.2958500669344043,
    0.3288710397144132,
    0.3203926818384649,
    0.3065595716198126,
    0.3328871039714413,
    0.321731369924141,
    0.3306559571619814,
    0.30834448906738066,
    0.2994199018295405,
    0.287817938420348,
    0.2958500669344043,
    0.3293172690763052,
    0.31682284694332874,
    0.3386880856760375,
    0.321731369924141,
    0.30611334225792053,
    0.2962962962962963,
    0.30031236055332444
  ]
}