{
  "metadata": {
    "commands": "basic_cv.py -b ../preprocessed_training_data/genereg_direction_agnostic_sorted.jsre -d ../preprocessed_training_data/top2241_direction_agnostic.jsre -f 100 --jsre ../resources/jsre --suffix cc_50 --testset_size 2241 --subsample-base 50"
  },
  "avg": 0.3758232931726906,
  "min": 0.28246318607764376,
  "max": 0.7353859883980366,
  "stdev": 0.08094070258683012,
  "scores": [
    0.323516287371709,
    0.3659080767514502,
    0.7353859883980366,
    0.33154841588576534,
    0.3601070950468541,
    0.3493975903614458,
    0.321285140562249,
    0.3864346273984828,
    0.3632307005800982,
    0.5176260597947344,
    0.32307005800981703,
    0.37840249888442656,
    0.3663543061133423,
    0.2896028558679161,
    0.41588576528335564,
    0.3342257920571172,
    0.5568942436412316,
    0.3685854529228023,
    0.3775100401606426,
    0.3431503792949576,
    0.4114234716644355,
    0.32262382864792505,
    0.3047746541722447,
    0.35966086568496214,
    0.34761267291387776,
    0.46363230700580094,
    0.33601070950468537,
    0.35073627844712196,
    0.38688085676037487,
    0.32574743418116914,
    0.32262382864792505,
    0.31994645247657294,
    0.34493529674252565,
    0.28246318607764376,
    0.29674252565818837,
    0.316376617581437,
    0.3520749665327979,
    0.44712182061579653,
    0.3654618473895582,
    0.3654618473895582,
    0.3493975903614458,
    0.3328871039714413,
    0.3833110218652387,
    0.34181169120928157,
    0.3627844712182061,
    0.321285140562249,
    0.3136992414100849,
    0.2985274431057564,
    0.3770638107987505,
    0.5327978580990629,
    0.38688085676037487,
    0.3306559571619814,
    0.39535921463632306,
    0.357429718875502,
    0.394466755912539,
    0.36813922356091033,
    0.3355644801427934,
    0.4020526550647032,
    0.5020080321285141,
    0.3297634984381972,
    0.30254350736278435,
    0.34225792057117355,
    0.357875948237394,
    0.4136546184738956,
    0.3605533244087461,
    0.3288710397144132,
    0.3694779116465864,
    0.35966086568496214,
    0.31950022311468085,
    0.3302097278000893,
    0.45738509593931276,
    0.5269968763944668,
    0.3377956269522535,
    0.40428380187416335,
    0.3150379294957608,
    0.31994645247657294,
    0.3712628290941544,
    0.3511825078090137,
    0.36412315930388217,
    0.3685854529228023,
    0.34270414993306564,
    0.3132530120481928,
    0.35341365461847385,
    0.5305667112896029,
    0.31414547077197663,
    0.5792057117358322,
    0.42793395805444,
    0.34270414993306564,
    0.3828647925033467,
    0.33110218652387313,
    0.4904060687193217,
    0.30834448906738066,
    0.6657742079428827,
    0.3319946452476573,
    0.3150379294957608,
    0.3663543061133423,
    0.3431503792949576,
    0.31057563587684067,
    0.3386880856760375,
    0.6465863453815262
  ]
}