{
  "metadata": {
    "commands": "basic_cv.py -b ../preprocessed_training_data/genereg_direction_agnostic_sorted.jsre -d ../preprocessed_training_data/top2241_direction_agnostic.jsre -f 20 --jsre ../resources/jsre --suffix cc_500 --testset_size 2241 --subsample-base 500"
  },
  "avg": 0.293462739848282,
  "min": 0.27800089245872384,
  "max": 0.3324408746095493,
  "stdev": 0.012396129256000681,
  "scores": [
    0.3324408746095493,
    0.2927264614011602,
    0.29183400267737614,
    0.286925479696564,
    0.29674252565818837,
    0.2931726907630522,
    0.29094154395359206,
    0.31146809460062475,
    0.2811244979919679,
    0.2989736724676484,
    0.2904953145917001,
    0.30031236055332444,
    0.29138777331548416,
    0.282016956715752,
    0.28603302097278005,
    0.27800089245872384,
    0.28826416778223996,
    0.282016956715752,
    0.28826416778223996,
    0.30611334225792053
  ]
}