{
  "E_ins": [
    [
      0.0,
      0.0,
      0.0,
      0.0,
      0.0,
      0.0,
      0.0,
      0.0,
      0.0,
      0.0,
      0.0,
      0.0,
      0.0,
      0.0,
      0.0,
      0.0,
      0.0,
      0.0,
      0.0,
      0.0
    ]
  ],
  "E_outs": [
    [
      0.35426429240862234,
      0.3270852858481724,
      0.3261480787253983,
      0.32052483598875336,
      0.3477038425492034,
      0.31958762886597936,
      0.30927835051546393,
      0.31021555763823794,
      0.29709465791940015,
      0.29240862230552944,
      0.28865979381443296,
      0.27835051546391754,
      0.2764761012183693,
      0.2755388940955952,
      0.2811621368322399,
      0.28772258669165884,
      0.28303655107778825,
      0.27835051546391754,
      0.282099343955014,
      0.27928772258669166
    ]
  ]
}