{
  "E_in": [
    0.0,
    0.0,
    0.0,
    0.0,
    0.0,
    0.0,
    0.0,
    0.0,
    0.0,
    0.0,
    0.0,
    0.0,
    0.0,
    0.0,
    0.0,
    0.0,
    0.0,
    0.0,
    0.0,
    0.0
  ],
  "E_out": [
    0.35426429240862234,
    0.3270852858481724,
    0.3261480787253983,
    0.32052483598875336,
    0.3477038425492034,
    0.31958762886597936,
    0.30927835051546393,
    0.31021555763823794,
    0.29709465791940015,
    0.29240862230552944,
    0.28865979381443296,
    0.27835051546391754,
    0.2764761012183693,
    0.2755388940955952,
    0.2811621368322399,
    0.28772258669165884,
    0.28303655107778825,
    0.27835051546391754,
    0.282099343955014,
    0.27928772258669166
  ],
  "durations": [
    4.708566188812256,
    4.840914964675903,
    4.89296293258667,
    4.785407066345215,
    4.8649139404296875,
    4.697375297546387,
    6.310060024261475,
    4.948178768157959,
    5.2291741371154785,
    4.9883599281311035,
    5.184628009796143,
    5.450824022293091,
    5.781870126724243,
    5.431193828582764,
    5.162016868591309,
    5.96877384185791,
    5.28644585609436,
    7.772633790969849,
    5.6346869468688965,
    5.24898099899292
  ]
}