{
  "E_ins": [
    [
      0.0,
      0.0,
      0.0,
      0.0,
      0.0,
      0.0,
      0.0,
      0.0,
      0.0,
      0.0,
      0.0,
      0.016129032258064502,
      0.015873015873015928,
      0.03125,
      0.01538461538461533,
      0.0,
      0.0,
      0.02941176470588236,
      0.0,
      0.014285714285714124
    ]
  ],
  "E_outs": [
    [
      0.3345829428303655,
      0.31115276476101217,
      0.3036551077788191,
      0.3083411433926898,
      0.3083411433926898,
      0.31396438612933464,
      0.31490159325210887,
      0.30927835051546393,
      0.3045923149015932,
      0.29615745079662603,
      0.2802249297094658,
      0.2736644798500468,
      0.2755388940955952,
      0.2774133083411434,
      0.26991565135895035,
      0.2680412371134021,
      0.26616682286785376,
      0.2511715089034676,
      0.25304592314901597,
      0.24648547328959713
    ]
  ]
}