{
  "E_in": [
    0.0,
    0.0,
    0.0,
    0.0,
    0.0,
    0.0,
    0.0,
    0.0,
    0.0,
    0.0,
    0.0,
    0.016129032258064502,
    0.015873015873015928,
    0.03125,
    0.01538461538461533,
    0.0,
    0.0,
    0.02941176470588236,
    0.0,
    0.014285714285714124
  ],
  "E_out": [
    0.3345829428303655,
    0.31115276476101217,
    0.3036551077788191,
    0.3083411433926898,
    0.3083411433926898,
    0.31396438612933464,
    0.31490159325210887,
    0.30927835051546393,
    0.3045923149015932,
    0.29615745079662603,
    0.2802249297094658,
    0.2736644798500468,
    0.2755388940955952,
    0.2774133083411434,
    0.26991565135895035,
    0.2680412371134021,
    0.26616682286785376,
    0.2511715089034676,
    0.25304592314901597,
    0.24648547328959713
  ],
  "durations": [
    13.370279788970947,
    10.164172887802124,
    12.822956800460815,
    8.95176386833191,
    5.05417799949646,
    5.616497755050659,
    5.771562099456787,
    5.2743470668792725,
    4.908692121505737,
    5.130874156951904,
    5.776819229125977,
    5.416009902954102,
    6.322228908538818,
    6.669286727905273,
    6.891559839248657,
    8.97492790222168,
    8.699843883514404,
    6.845268964767456,
    6.165226936340332,
    6.065946102142334
  ]
}