{
  "E_in": [
    0.0,
    0.0,
    0.0,
    0.0,
    0.0,
    0.0,
    0.0,
    0.0,
    0.0,
    0.0,
    0.0,
    0.0,
    0.0,
    0.0,
    0.0,
    0.0,
    0.0,
    0.0,
    0.0,
    0.0
  ],
  "E_out": [
    0.4320524835988754,
    0.34582942830365515,
    0.3336457357075914,
    0.32239925023430194,
    0.3477038425492034,
    0.32802249297094643,
    0.3074039362699156,
    0.31115276476101217,
    0.3074039362699156,
    0.3045923149015932,
    0.2952202436738518,
    0.2989690721649485,
    0.29803186504217427,
    0.2942830365510778,
    0.29615745079662603,
    0.2952202436738518,
    0.29240862230552944,
    0.2849109653233364,
    0.29240862230552944,
    0.28865979381443296
  ],
  "durations": [
    6.772202014923096,
    4.828994035720825,
    5.010654926300049,
    5.216203927993774,
    5.056089162826538,
    4.999766111373901,
    5.376675128936768,
    4.936640024185181,
    5.393480062484741,
    5.643534183502197,
    5.479741096496582,
    5.67224383354187,
    5.251636028289795,
    5.82886004447937,
    5.207539319992065,
    5.108025789260864,
    5.432103872299194,
    5.138966083526611,
    5.047077894210815,
    5.778273105621338
  ]
}