{
  "E_ins": [
    [
      0.0,
      0.0,
      0.0,
      0.0,
      0.0,
      0.0,
      0.0,
      0.0,
      0.0,
      0.0,
      0.0,
      0.0,
      0.0,
      0.0,
      0.0,
      0.0,
      0.0,
      0.0,
      0.0,
      0.0
    ]
  ],
  "E_outs": [
    [
      0.4320524835988754,
      0.34582942830365515,
      0.3336457357075914,
      0.32239925023430194,
      0.3477038425492034,
      0.32802249297094643,
      0.3074039362699156,
      0.31115276476101217,
      0.3074039362699156,
      0.3045923149015932,
      0.2952202436738518,
      0.2989690721649485,
      0.29803186504217427,
      0.2942830365510778,
      0.29615745079662603,
      0.2952202436738518,
      0.29240862230552944,
      0.2849109653233364,
      0.29240862230552944,
      0.28865979381443296
    ]
  ]
}