{
  "metadata": {
    "commands": "basic_cv.py -b ../preprocessed_training_data/genereg_direction_agnostic_sorted.jsre -d ../preprocessed_training_data/top2241_direction_agnostic.jsre -f 100 --jsre ../resources/jsre --suffix test2fold --testset_size 1067"
  },
  "avg": 0.21893158388003742,
  "min": 0.20243673851921273,
  "max": 0.24367385192127455,
  "stdev": 0.008471075540596461,
  "scores": [
    0.21087160262417992,
    0.2061855670103092,
    0.21087160262417992,
    0.2146204311152765,
    0.218369259606373,
    0.2277413308341143,
    0.219306466729147,
    0.22492970946579194,
    0.22211808809746958,
    0.21180880974695393,
    0.21087160262417992,
    0.22118088097469557,
    0.21087160262417992,
    0.2230552952202437,
    0.22680412371134007,
    0.21555763823805063,
    0.23055295220243677,
    0.23617619493908149,
    0.20805998125585756,
    0.2052483598875351,
    0.22867853795688842,
    0.2061855670103092,
    0.2099343955014058,
    0.22586691658856606,
    0.219306466729147,
    0.22024367385192123,
    0.20805998125585756,
    0.2277413308341143,
    0.2136832239925025,
    0.22492970946579194,
    0.22211808809746958,
    0.21180880974695393,
    0.21274601686972816,
    0.21555763823805063,
    0.21555763823805063,
    0.23523898781630737,
    0.2239925023430177,
    0.23898781630740407,
    0.2061855670103092,
    0.21649484536082464,
    0.2230552952202437,
    0.21649484536082464,
    0.20431115276476097,
    0.21743205248359887,
    0.20243673851921273,
    0.2277413308341143,
    0.23336457357075913,
    0.22024367385192123,
    0.22680412371134007,
    0.22961574507966265,
    0.218369259606373,
    0.2136832239925025,
    0.22024367385192123,
    0.20805998125585756,
    0.22586691658856606,
    0.21649484536082464,
    0.21180880974695393,
    0.22024367385192123,
    0.2136832239925025,
    0.218369259606373,
    0.21555763823805063,
    0.24367385192127455,
    0.2136832239925025,
    0.219306466729147,
    0.21649484536082464,
    0.21649484536082464,
    0.21649484536082464,
    0.2099343955014058,
    0.2230552952202437,
    0.2052483598875351,
    0.2239925023430177,
    0.20712277413308344,
    0.2146204311152765,
    0.21274601686972816,
    0.2277413308341143,
    0.22118088097469557,
    0.20712277413308344,
    0.218369259606373,
    0.2277413308341143,
    0.2146204311152765,
    0.22211808809746958,
    0.218369259606373,
    0.23898781630740407,
    0.22024367385192123,
    0.20431115276476097,
    0.219306466729147,
    0.22211808809746958,
    0.219306466729147,
    0.2239925023430177,
    0.2146204311152765,
    0.22118088097469557,
    0.21274601686972816,
    0.21649484536082464,
    0.22867853795688842,
    0.2277413308341143,
    0.22586691658856606,
    0.23336457357075913,
    0.21274601686972816,
    0.22680412371134007,
    0.22211808809746958
  ]
}