{
  "metadata": {
    "commands": "basic_cv.py -b ../preprocessed_training_data/genereg_direction_agnostic_sorted.jsre -d ../preprocessed_training_data/top2241_direction_agnostic.jsre -f 20 --jsre ../resources/jsre --suffix lower_bound_base-200 --testset_size 1067 --subsample-base 200"
  },
  "avg": 0.21096532333645732,
  "min": 0.19962511715089037,
  "max": 0.23055295220243677,
  "stdev": 0.007928596173255448,
  "scores": [
    0.20431115276476097,
    0.2136832239925025,
    0.219306466729147,
    0.2099343955014058,
    0.20337394564198685,
    0.21180880974695393,
    0.2014995313964385,
    0.23055295220243677,
    0.21274601686972816,
    0.21555763823805063,
    0.21743205248359887,
    0.20712277413308344,
    0.219306466729147,
    0.20431115276476097,
    0.21649484536082464,
    0.19962511715089037,
    0.20337394564198685,
    0.2146204311152765,
    0.2005623242736645,
    0.2136832239925025
  ]
}