{
  "metadata": {
    "commands": "basic_cv.py -d ../preprocessed_training_data/top2241_direction_agnostic.jsre -f 20 --jsre ../resources/jsre --suffix lower_bound_no-base_poolsize-1174_50-initially-labeled --testset_size 1017"
  },
  "avg": 0.20732546705998037,
  "min": 0.18977384464110125,
  "max": 0.23008849557522126,
  "stdev": 0.009808358485635474,
  "scores": [
    0.2045231071779745,
    0.2025565388397247,
    0.20353982300884954,
    0.20845624385447392,
    0.23008849557522126,
    0.19862340216322527,
    0.21435594886922316,
    0.20747295968534896,
    0.18977384464110125,
    0.20550639134709936,
    0.2133726647000984,
    0.21632251720747286,
    0.20058997050147498,
    0.20943952802359878,
    0.21042281219272363,
    0.20550639134709936,
    0.20550639134709936,
    0.22615535889872174,
    0.20353982300884954,
    0.1907571288102261
  ]
}