{
  "metadata": {
    "commands": "basic_cv.py -b ../preprocessed_training_data/genereg_direction_agnostic_sorted.jsre -d ../preprocessed_training_data/top2241_direction_agnostic.jsre -f 20 --jsre ../resources/jsre --suffix lower_bound_base-500 --testset_size 1067 --subsample-base 500"
  },
  "avg": 0.21101218369259606,
  "min": 0.1968134957825679,
  "max": 0.22211808809746958,
  "stdev": 0.006841747136534755,
  "scores": [
    0.2005623242736645,
    0.21555763823805063,
    0.2136832239925025,
    0.2146204311152765,
    0.1968134957825679,
    0.2099343955014058,
    0.22024367385192123,
    0.21649484536082464,
    0.20337394564198685,
    0.2136832239925025,
    0.219306466729147,
    0.20805998125585756,
    0.2099343955014058,
    0.2099343955014058,
    0.21180880974695393,
    0.22211808809746958,
    0.2146204311152765,
    0.21180880974695393,
    0.20805998125585756,
    0.19962511715089037
  ]
}