{
  "metadata": {
    "commands": "basic_cv.py -b ../preprocessed_training_data/genereg_direction_agnostic_sorted.jsre -d ../preprocessed_training_data/top2241_direction_agnostic.jsre -f 20 --jsre ../resources/jsre --suffix test2fold --testset_size 1067 --subsample-base 50"
  },
  "avg": 0.21059044048734768,
  "min": 0.19868791002811614,
  "max": 0.22024367385192123,
  "stdev": 0.005457190825576625,
  "scores": [
    0.21649484536082464,
    0.2136832239925025,
    0.20431115276476097,
    0.21087160262417992,
    0.20712277413308344,
    0.218369259606373,
    0.2146204311152765,
    0.20431115276476097,
    0.20805998125585756,
    0.21087160262417992,
    0.2061855670103092,
    0.2099343955014058,
    0.20899718837863157,
    0.20431115276476097,
    0.22024367385192123,
    0.21649484536082464,
    0.2136832239925025,
    0.21274601686972816,
    0.21180880974695393,
    0.19868791002811614
  ]
}