{
  "metadata": {
    "commands": "basic_cv.py -b ../preprocessed_training_data/genereg_direction_agnostic_sorted.jsre -d ../preprocessed_training_data/top2241_direction_agnostic.jsre -f 20 --jsre ../resources/jsre --suffix lower_bound_base-1000 --testset_size 1067 --subsample-base 1000"
  },
  "avg": 0.21382380506091841,
  "min": 0.1968134957825679,
  "max": 0.2277413308341143,
  "stdev": 0.007954064613747485,
  "scores": [
    0.2061855670103092,
    0.22024367385192123,
    0.21274601686972816,
    0.21743205248359887,
    0.21555763823805063,
    0.22118088097469557,
    0.1968134957825679,
    0.21555763823805063,
    0.21180880974695393,
    0.2014995313964385,
    0.2277413308341143,
    0.21649484536082464,
    0.21180880974695393,
    0.22118088097469557,
    0.20431115276476097,
    0.21274601686972816,
    0.20712277413308344,
    0.22211808809746958,
    0.2099343955014058,
    0.2239925023430177
  ]
}