{
  "metadata": {
    "commands": "basic_cv.py -b ../preprocessed_training_data/genereg_direction_agnostic_sorted.jsre -d ../preprocessed_training_data/top2241_direction_agnostic.jsre -f 100 --jsre ../resources/jsre --suffix test2fold --testset_size 1067 --subsample-base 50"
  },
  "avg": 0.20981255857544512,
  "min": 0.1874414245548266,
  "max": 0.22867853795688842,
  "stdev": 0.0077795034314757944,
  "scores": [
    0.21180880974695393,
    0.2061855670103092,
    0.22024367385192123,
    0.1874414245548266,
    0.20431115276476097,
    0.2052483598875351,
    0.20899718837863157,
    0.19587628865979378,
    0.20243673851921273,
    0.2230552952202437,
    0.2061855670103092,
    0.1968134957825679,
    0.21555763823805063,
    0.21087160262417992,
    0.20899718837863157,
    0.20431115276476097,
    0.20431115276476097,
    0.21087160262417992,
    0.2061855670103092,
    0.20805998125585756,
    0.2136832239925025,
    0.2146204311152765,
    0.1921274601686973,
    0.22211808809746958,
    0.21180880974695393,
    0.21180880974695393,
    0.20431115276476097,
    0.1968134957825679,
    0.21649484536082464,
    0.2099343955014058,
    0.20899718837863157,
    0.2052483598875351,
    0.21274601686972816,
    0.20899718837863157,
    0.20805998125585756,
    0.21649484536082464,
    0.21555763823805063,
    0.2061855670103092,
    0.21180880974695393,
    0.2061855670103092,
    0.20431115276476097,
    0.19868791002811614,
    0.2061855670103092,
    0.21274601686972816,
    0.20712277413308344,
    0.2052483598875351,
    0.21555763823805063,
    0.21555763823805063,
    0.20805998125585756,
    0.218369259606373,
    0.20805998125585756,
    0.20337394564198685,
    0.20243673851921273,
    0.2052483598875351,
    0.20805998125585756,
    0.20899718837863157,
    0.2136832239925025,
    0.22680412371134007,
    0.20805998125585756,
    0.20337394564198685,
    0.20337394564198685,
    0.22118088097469557,
    0.21743205248359887,
    0.2052483598875351,
    0.2061855670103092,
    0.22586691658856606,
    0.20712277413308344,
    0.21274601686972816,
    0.21087160262417992,
    0.20431115276476097,
    0.21087160262417992,
    0.22024367385192123,
    0.20431115276476097,
    0.21274601686972816,
    0.2005623242736645,
    0.2005623242736645,
    0.22024367385192123,
    0.2239925023430177,
    0.2099343955014058,
    0.2146204311152765,
    0.219306466729147,
    0.19962511715089037,
    0.19775070290534214,
    0.2099343955014058,
    0.2052483598875351,
    0.2146204311152765,
    0.21087160262417992,
    0.21555763823805063,
    0.20899718837863157,
    0.22586691658856606,
    0.20431115276476097,
    0.20431115276476097,
    0.218369259606373,
    0.19868791002811614,
    0.22867853795688842,
    0.2239925023430177,
    0.21087160262417992,
    0.21180880974695393,
    0.22211808809746958,
    0.2061855670103092
  ]
}