{
  "metadata": {
    "commands": "basic_cv.py -d ../preprocessed_training_data/top2241_direction_agnostic.jsre -f 20 --jsre ../resources/jsre --suffix lower_bound_no-base_poolsize-1174 --testset_size 1067"
  },
  "avg": 0.2073102155576382,
  "min": 0.19587628865979378,
  "max": 0.21555763823805063,
  "stdev": 0.004974126575600095,
  "scores": [
    0.2146204311152765,
    0.2099343955014058,
    0.20712277413308344,
    0.20337394564198685,
    0.2052483598875351,
    0.20431115276476097,
    0.19587628865979378,
    0.2146204311152765,
    0.19962511715089037,
    0.21180880974695393,
    0.21087160262417992,
    0.2052483598875351,
    0.20431115276476097,
    0.20712277413308344,
    0.2099343955014058,
    0.21555763823805063,
    0.20712277413308344,
    0.20805998125585756,
    0.20805998125585756,
    0.20337394564198685
  ]
}