{
  "metadata": {
    "commands": "train_time.py -d ../preprocessed_training_data/fat_trainset -f 10 --jsre ../resources/jsre --suffix first_train_time --train_sizes 2703"
  },
  "results": {
    "2703": {
      "avg": 52.290641045570375,
      "min": 48.106547832489014,
      "max": 55.75619888305664,
      "stdev": 2.2747503454919356,
      "scores": [
        48.106547832489014,
        51.44656419754028,
        55.75619888305664,
        49.69165802001953,
        52.535276651382446,
        53.1072838306427,
        53.05338001251221,
        53.11367702484131,
        51.25157308578491,
        54.84425091743469
      ]
    }
  }
}