{
  "E_in": [
    0.0
  ],
  "E_out": [
    0.352389878163074
  ],
  "durations": [
    3.340894937515259
  ]
}