{
  "E_in": [
    0.0
  ],
  "E_out": [
    0.3336457357075914
  ],
  "durations": [
    2.5693161487579346
  ]
}