{
  "E_in": [
    0.0
  ],
  "E_out": [
    0.3692596063730085
  ],
  "durations": [
    2.4812519550323486
  ]
}