{
  "E_in": [
    0.0
  ],
  "E_out": [
    0.3711340206185567
  ],
  "durations": [
    3.478801965713501
  ]
}