{
  "E_ins": [
    [
      0.0
    ],
    [
      0.0
    ],
    [
      0.0
    ],
    [
      0.0
    ],
    [
      0.0
    ],
    [
      0.0
    ],
    [
      0.0
    ],
    [
      0.0
    ],
    [
      0.0
    ],
    [
      0.0
    ]
  ],
  "E_outs": [
    [
      0.3477038425492034
    ],
    [
      0.352389878163074
    ],
    [
      0.3711340206185567
    ],
    [
      0.3392689784442362
    ],
    [
      0.3336457357075914
    ],
    [
      0.37300843486410495
    ],
    [
      0.49297094657919405
    ],
    [
      0.41799437675726336
    ],
    [
      0.3692596063730085
    ],
    [
      0.5126522961574508
    ]
  ]
}