{
  "E_ins": [
    {
      "avg": 0.0,
      "min": 0.0,
      "max": 0.0,
      "stdev": 0.0
    }
  ],
  "E_outs": [
    {
      "avg": 0.39100281162136835,
      "min": 0.3336457357075914,
      "max": 0.5126522961574508,
      "stdev": 0.06363782824526995
    }
  ],
  "durations": [
    {
      "avg": 2.6964404821395873,
      "min": 2.1597609519958496,
      "max": 3.478801965713501,
      "stdev": 0.42665190221904375
    }
  ]
}