{
  "E_in": [
    0.0
  ],
  "E_out": [
    0.3477038425492034
  ],
  "durations": [
    2.7114129066467285
  ]
}