{
  "E_in": [
    0.0
  ],
  "E_out": [
    0.5126522961574508
  ],
  "durations": [
    2.6808042526245117
  ]
}