{
  "E_in": [
    0.0
  ],
  "E_out": [
    0.37300843486410495
  ],
  "durations": [
    2.1597609519958496
  ]
}