{
  "E_in": [
    0.0
  ],
  "E_out": [
    0.41799437675726336
  ],
  "durations": [
    2.6428608894348145
  ]
}