{
  "E_in": [
    0.0
  ],
  "E_out": [
    0.49297094657919405
  ],
  "durations": [
    2.7096829414367676
  ]
}