{
  "E_in": [
    0.0
  ],
  "E_out": [
    0.3392689784442362
  ],
  "durations": [
    2.189617872238159
  ]
}