{
  "E_in": [
    0.0
  ],
  "E_out": [
    0.3392689784442362
  ],
  "durations": [
    2.328914165496826
  ]
}