{
  "E_in": [
    0.0
  ],
  "E_out": [
    0.35988753514526706
  ],
  "durations": [
    2.480443000793457
  ]
}