{
  "E_ins": [
    [
      0.0
    ],
    [
      0.0
    ],
    [
      0.0
    ],
    [
      0.0
    ],
    [
      0.0
    ],
    [
      0.0
    ],
    [
      0.0
    ],
    [
      0.0
    ],
    [
      0.0
    ],
    [
      0.0
    ]
  ],
  "E_outs": [
    [
      0.35988753514526706
    ],
    [
      0.3486410496719775
    ],
    [
      0.39550140581068416
    ],
    [
      0.3392689784442362
    ],
    [
      0.45829428303655106
    ],
    [
      0.3626991565135895
    ],
    [
      0.35051546391752586
    ],
    [
      0.5670103092783505
    ],
    [
      0.5220243673851922
    ],
    [
      0.39925023430178075
    ]
  ]
}