{
  "E_in": [
    0.0
  ],
  "E_out": [
    0.45829428303655106
  ],
  "durations": [
    2.524273157119751
  ]
}