{
  "E_in": [
    0.0
  ],
  "E_out": [
    0.3486410496719775
  ],
  "durations": [
    2.6154158115386963
  ]
}