{
  "E_in": [
    0.0
  ],
  "E_out": [
    0.5220243673851922
  ],
  "durations": [
    3.3520541191101074
  ]
}