{
  "E_in": [
    0.0
  ],
  "E_out": [
    0.35051546391752586
  ],
  "durations": [
    2.659306049346924
  ]
}