{
  "E_in": [
    0.0
  ],
  "E_out": [
    0.39550140581068416
  ],
  "durations": [
    3.683917760848999
  ]
}