{
  "E_in": [
    0.0
  ],
  "E_out": [
    0.3626991565135895
  ],
  "durations": [
    2.257782220840454
  ]
}