{
  "E_in": [
    0.0
  ],
  "E_out": [
    0.39925023430178075
  ],
  "durations": [
    2.532294988632202
  ]
}