{
  "E_in": [
    0.0
  ],
  "E_out": [
    0.5670103092783505
  ],
  "durations": [
    2.652071952819824
  ]
}