{
  "E_ins": [
    {
      "avg": 0.0,
      "min": 0.0,
      "max": 0.0,
      "stdev": 0.0
    }
  ],
  "E_outs": [
    {
      "avg": 0.41030927835051545,
      "min": 0.3392689784442362,
      "max": 0.5670103092783505,
      "stdev": 0.0795219614696126
    }
  ],
  "durations": [
    {
      "avg": 2.7086473226547243,
      "min": 2.257782220840454,
      "max": 3.683917760848999,
      "stdev": 0.4526588098920971
    }
  ]
}