{
  "E_ins": [
    {
      "avg": 0.0,
      "min": 0.0,
      "max": 0.0,
      "stdev": 0.0
    }
  ],
  "E_outs": [
    {
      "avg": 0.3858481724461106,
      "min": 0.330834114339269,
      "max": 0.5107778819119024,
      "stdev": 0.06047879209479955
    }
  ],
  "durations": [
    {
      "avg": 2.4397675514221193,
      "min": 2.1420581340789795,
      "max": 3.1989879608154297,
      "stdev": 0.3782151388136733
    }
  ]
}