{
  "E_in": [
    0.0
  ],
  "E_out": [
    0.3448922211808809
  ],
  "durations": [
    2.1557388305664062
  ]
}