{
  "E_in": [
    0.0
  ],
  "E_out": [
    0.45360824742268047
  ],
  "durations": [
    2.1420581340789795
  ]
}