{
  "E_in": [
    0.0
  ],
  "E_out": [
    0.3880037488284911
  ],
  "durations": [
    2.5392680168151855
  ]
}