{
  "E_in": [
    0.0
  ],
  "E_out": [
    0.5107778819119024
  ],
  "durations": [
    2.3041672706604004
  ]
}