{
  "E_in": [
    0.0
  ],
  "E_out": [
    0.330834114339269
  ],
  "durations": [
    3.1989879608154297
  ]
}