{
  "E_in": [
    0.0
  ],
  "E_out": [
    0.352389878163074
  ],
  "durations": [
    2.3555638790130615
  ]
}