{
  "E_ins": [
    [
      0.0
    ],
    [
      0.0
    ],
    [
      0.0
    ],
    [
      0.0
    ],
    [
      0.0
    ],
    [
      0.0
    ],
    [
      0.0
    ],
    [
      0.0
    ],
    [
      0.0
    ],
    [
      0.0
    ]
  ],
  "E_outs": [
    [
      0.330834114339269
    ],
    [
      0.3383317713214621
    ],
    [
      0.4329896907216495
    ],
    [
      0.3448922211808809
    ],
    [
      0.5107778819119024
    ],
    [
      0.3880037488284911
    ],
    [
      0.45360824742268047
    ],
    [
      0.34114339268978444
    ],
    [
      0.352389878163074
    ],
    [
      0.3655107778819119
    ]
  ]
}