{
  "E_in": [
    0.0
  ],
  "E_out": [
    0.34114339268978444
  ],
  "durations": [
    2.1686148643493652
  ]
}