{
  "E_in": [
    0.0
  ],
  "E_out": [
    0.4329896907216495
  ],
  "durations": [
    2.2019193172454834
  ]
}