{
  "E_in": [
    0.0
  ],
  "E_out": [
    0.3655107778819119
  ],
  "durations": [
    3.035919189453125
  ]
}