{
  "E_in": [
    0.0
  ],
  "E_out": [
    0.3383317713214621
  ],
  "durations": [
    2.295438051223755
  ]
}