{
  "metadata": {
    "commands": "basic_cv.py -b ../preprocessed_training_data/genereg_direction_agnostic_sorted.jsre -d ../preprocessed_training_data/top2241_direction_agnostic.jsre -f 100 --jsre ../resources/jsre --suffix lower_bound_eer_eval --testset_size 2041 --subsample-base 50"
  },
  "avg": 0.25273395394414494,
  "min": 0.23419892209701132,
  "max": 0.2748652621264085,
  "stdev": 0.0092735533836372,
  "scores": [
    0.2709456148946594,
    0.2577168054875061,
    0.25134737873591373,
    0.24938755512003918,
    0.2621264086232239,
    0.2498775110240078,
    0.24889759921607046,
    0.2533072023517885,
    0.24693777560019603,
    0.250857422831945,
    0.24252817246447822,
    0.25967662910338074,
    0.253797158255757,
    0.25673689367956887,
    0.24350808427241544,
    0.2670259676629104,
    0.24301812836844694,
    0.2660460558549731,
    0.2542871141597256,
    0.25526702596766304,
    0.25183733463988245,
    0.2542871141597256,
    0.2621264086232239,
    0.25967662910338074,
    0.25526702596766304,
    0.24889759921607046,
    0.25183733463988245,
    0.24105830475257217,
    0.24938755512003918,
    0.2586967172954434,
    0.26310632043116133,
    0.2498775110240078,
    0.25183733463988245,
    0.2709456148946594,
    0.25183733463988245,
    0.23713865752082308,
    0.24742773150416464,
    0.24791768740813325,
    0.24399804017638416,
    0.24889759921607046,
    0.2498775110240078,
    0.26408623223909844,
    0.23713865752082308,
    0.2665360117589417,
    0.25967662910338074,
    0.24840764331210186,
    0.2660460558549731,
    0.23664870161685447,
    0.24497795198432148,
    0.2572268495835375,
    0.2572268495835375,
    0.2420382165605095,
    0.2454679078882901,
    0.2533072023517885,
    0.26016658500734935,
    0.2626163645271924,
    0.24791768740813325,
    0.2699657030867222,
    0.23419892209701132,
    0.250857422831945,
    0.23615874571288586,
    0.2459578637922587,
    0.2670259676629104,
    0.23664870161685447,
    0.2503674669279765,
    0.2498775110240078,
    0.2621264086232239,
    0.2547770700636943,
    0.25281724644781955,
    0.26065654091131796,
    0.23713865752082308,
    0.23860852523272902,
    0.24497795198432148,
    0.2572268495835375,
    0.23909848113669763,
    0.2464478196962273,
    0.24497795198432148,
    0.2572268495835375,
    0.25526702596766304,
    0.2616364527192553,
    0.27290543851053395,
    0.2459578637922587,
    0.2454679078882901,
    0.26065654091131796,
    0.24791768740813325,
    0.25673689367956887,
    0.26310632043116133,
    0.24693777560019603,
    0.2748652621264085,
    0.2586967172954434,
    0.2454679078882901,
    0.26359627633512983,
    0.24742773150416464,
    0.24448799608035277,
    0.26359627633512983,
    0.2616364527192553,
    0.24301812836844694,
    0.25673689367956887,
    0.25281724644781955,
    0.23860852523272902
  ]
}