{
  "E_ins": [
    [
      0.2549019607843137,
      0.25,
      0.24528301886792447,
      0.2407407407407408,
      0.23636363636363622,
      0.2321428571428571,
      0.22807017543859653,
      0.22413793103448265,
      0.22033898305084743,
      0.23333333333333328,
      0.2295081967213115,
      0.0,
      0.0,
      0.0,
      0.0,
      0.015151515151515138,
      0.0,
      0.0,
      0.0,
      0.0,
      0.0,
      0.0,
      0.0,
      0.0,
      0.0,
      0.0,
      0.0,
      0.16666666666666652,
      0.0,
      0.0,
      0.0,
      0.0,
      0.0,
      0.0,
      0.0,
      0.0,
      0.011494252873563204,
      0.011363636363636354,
      0.0449438202247191,
      0.011111111111111183,
      0.01098901098901095,
      0.010869565217391353,
      0.010752688172043001,
      0.010638297872340385,
      0.010526315789473717,
      0.0,
      0.010309278350515427,
      0.010204081632652962,
      0.02020202020202022,
      0.020000000000000018,
      0.0,
      0.05882352941176483,
      0.01941747572815533,
      0.009615384615384581,
      0.00952380952380949,
      0.009433962264150941,
      0.009345794392523366,
      0.00925925925925919,
      0.00917431192660545,
      0.009090909090909038,
      0.009009009009009028,
      0.008928571428571397,
      0.008849557522123908,
      0.00877192982456132,
      0.017391304347826098,
      0.017241379310344862,
      0.017094017094017144,
      0.3389830508474576,
      0.008403361344537785,
      0.01666666666666672,
      0.008264462809917328,
      0.016393442622950838,
      0.016260162601625994,
      0.008064516129032362,
      0.008000000000000007,
      0.031746031746031744,
      0.007874015748031371,
      0.1171875,
      0.007751937984496027,
      0.07692307692307698,
      0.022900763358778664,
      0.007575757575757458,
      0.007518796992481258,
      0.32835820895522394,
      0.19259259259259254,
      0.007352941176470562,
      0.014598540145985384,
      0.014492753623188248,
      0.021582733812949617,
      0.05714285714285727,
      0.049645390070921946,
      0.06338028169014076,
      0.027972027972028024,
      0.01388888888888884,
      0.01379310344827589,
      0.02739726027397249,
      0.020408163265306145,
      0.21621621621621623,
      0.06040268456375841,
      0.06666666666666676
    ]
  ],
  "E_outs": [
    [
      0.258493353028065,
      0.258493353028065,
      0.258493353028065,
      0.258493353028065,
      0.258493353028065,
      0.258493353028065,
      0.258493353028065,
      0.258493353028065,
      0.258493353028065,
      0.258493353028065,
      0.258493353028065,
      0.26070901033973415,
      0.2710487444608567,
      0.273264401772526,
      0.2858197932053176,
      0.24372230428360409,
      0.3042836041358936,
      0.25997045790251105,
      0.30945347119645494,
      0.2791728212703102,
      0.30132939438700146,
      0.31462333825701616,
      0.2909896602658789,
      0.3064992614475628,
      0.2710487444608567,
      0.2998522895125554,
      0.28877400295420974,
      0.2525849335302808,
      0.2776957163958642,
      0.2843426883308715,
      0.2636632200886262,
      0.2939438700147712,
      0.28877400295420974,
      0.30132939438700146,
      0.2658788774002955,
      0.2776957163958642,
      0.2836041358936484,
      0.2821270310192022,
      0.2496307237813885,
      0.2976366322008862,
      0.2843426883308715,
      0.2917282127031019,
      0.28064992614475626,
      0.28803545051698676,
      0.27991137370753316,
      0.2695716395864106,
      0.26883308714918774,
      0.28877400295420974,
      0.2555391432791728,
      0.25406203840472674,
      0.26883308714918774,
      0.2511078286558346,
      0.2562776957163959,
      0.29468242245199405,
      0.2843426883308715,
      0.28064992614475626,
      0.27400295420974885,
      0.27991137370753316,
      0.28655834564254046,
      0.2644017725258493,
      0.27400295420974885,
      0.2717872968980798,
      0.2776957163958642,
      0.2717872968980798,
      0.2555391432791728,
      0.2562776957163959,
      0.24741506646971922,
      0.258493353028065,
      0.2636632200886262,
      0.24815361890694243,
      0.27400295420974885,
      0.28064992614475626,
      0.257754800590842,
      0.26735598227474155,
      0.26735598227474155,
      0.24593796159527326,
      0.27991137370753316,
      0.24446085672082718,
      0.28803545051698676,
      0.24446085672082718,
      0.2511078286558346,
      0.2636632200886262,
      0.2769571639586411,
      0.258493353028065,
      0.24667651403249635,
      0.2621861152141802,
      0.25997045790251105,
      0.25923190546528796,
      0.257754800590842,
      0.25184638109305757,
      0.25406203840472674,
      0.2496307237813885,
      0.2548005908419497,
      0.257754800590842,
      0.2621861152141802,
      0.2525849335302808,
      0.25997045790251105,
      0.2503692762186115,
      0.24667651403249635,
      0.25184638109305757
    ]
  ]
}