{
  "E_ins": [
    [
      0.04844674556213002,
      0.04805914972273573,
      0.049150036954915044,
      0.04876246767639458,
      0.048744460856720795,
      0.048357327427094865,
      0.04833948339483396,
      0.0486905201032829,
      0.049041297935103256,
      0.047917434574272,
      0.048268238761974946,
      0.04825046040515657,
      0.048600883652430205,
      0.04858299595141702,
      0.04930095658572464,
      0.04891504229496135,
      0.04742647058823535,
      0.04851157662624028,
      0.04812637766348271,
      0.04810870363569597
    ]
  ],
  "E_outs": [
    [
      0.2802249297094658,
      0.2802249297094658,
      0.2802249297094658,
      0.2811621368322399,
      0.27835051546391754,
      0.2774133083411434,
      0.2774133083411434,
      0.2755388940955952,
      0.27460168697282095,
      0.2764761012183693,
      0.2727272727272727,
      0.2717900656044986,
      0.2727272727272727,
      0.27460168697282095,
      0.27460168697282095,
      0.2755388940955952,
      0.267104029990628,
      0.26991565135895035,
      0.26616682286785376,
      0.2642924086223055
    ]
  ]
}