{
  "E_in": [
    0.04844674556213002,
    0.048798521256931626,
    0.049519586104951996,
    0.04876246767639458,
    0.048375184638109414,
    0.04872646733111852,
    0.049446494464944646,
    0.04942825525636296,
    0.049041297935103256,
    0.04902322152598604,
    0.04937361827560793,
    0.04898710865561695,
    0.0489690721649485,
    0.04858299595141702,
    0.04893303899926427,
    0.04891504229496135,
    0.04926470588235299,
    0.04887908857037859,
    0.049228508449669306,
    0.04884318766066842
  ],
  "E_out": [
    0.2774133083411434,
    0.2774133083411434,
    0.27928772258669166,
    0.27835051546391754,
    0.2727272727272727,
    0.2680412371134021,
    0.2680412371134021,
    0.26522961574507964,
    0.2624179943767573,
    0.2633552014995314,
    0.2624179943767573,
    0.26054358013120904,
    0.2586691658856607,
    0.26054358013120904,
    0.2596063730084349,
    0.26054358013120904,
    0.2642924086223055,
    0.26054358013120904,
    0.2633552014995314,
    0.26054358013120904
  ],
  "durations": [
    113.77565693855286,
    113.43956089019775,
    109.6909430027008,
    112.90371108055115,
    116.5973551273346,
    117.50719809532166,
    114.69165205955505,
    111.8692102432251,
    102.93526887893677,
    104.50779628753662,
    122.83258509635925,
    115.96228098869324,
    119.27060198783875,
    109.20409393310547,
    111.31741189956665,
    115.30326890945435,
    107.9724690914154,
    106.64306783676147,
    105.46979093551636,
    134.375492811203
  ]
}