{
  "E_in": [
    0.04881656804733725,
    0.048798521256931626,
    0.049150036954915044,
    0.049131880310306575,
    0.04800590841949781,
    0.047988187523071324,
    0.047970479704797064,
    0.04832165252674292,
    0.048303834808259616,
    0.048286030224843346,
    0.048268238761974946,
    0.04825046040515657,
    0.04786450662739328,
    0.04858299595141702,
    0.04856512141280367,
    0.04928282456785582,
    0.04742647058823535,
    0.0470415288496876,
    0.048861131520940515,
    0.04774146162320969
  ],
  "E_out": [
    0.282099343955014,
    0.282099343955014,
    0.282099343955014,
    0.2811621368322399,
    0.2811621368322399,
    0.2811621368322399,
    0.2802249297094658,
    0.2811621368322399,
    0.2802249297094658,
    0.2802249297094658,
    0.2802249297094658,
    0.2802249297094658,
    0.2802249297094658,
    0.2802249297094658,
    0.2811621368322399,
    0.28397375820056237,
    0.28303655107778825,
    0.28397375820056237,
    0.2849109653233364,
    0.28397375820056237
  ],
  "durations": [
    115.70181179046631,
    120.91261291503906,
    111.2171139717102,
    107.2366189956665,
    108.80713105201721,
    112.40886402130127,
    111.17000818252563,
    121.91479706764221,
    112.06647396087646,
    116.10285711288452,
    109.57403063774109,
    110.47809219360352,
    107.60606408119202,
    112.50728988647461,
    118.29908490180969,
    96.94787096977234,
    107.0118179321289,
    111.57160496711731,
    110.54006624221802,
    114.19155597686768
  ]
}