{
  "E_ins": [],
  "E_outs": [],
  "durations": [
    {
      "avg": 47.91852209568024,
      "min": 46.01757025718689,
      "max": 51.88038086891174,
      "stdev": 1.9607392967668393
    }
  ]
}